MySQL Parameter,PostgreSQL Parameter,Similarity
innodb-buffer-pool-size=#,shared_buffers,0.9186913
innodb-log-buffer-size=#,shared_buffers,0.91793185
replica-max-allowed-packet=#,wal_receiver_timeout,0.90332234
join-buffer-size=#,shared_buffers,0.9015589
max-allowed-packet=#,wal_receiver_timeout,0.89946586
innodb-buffer-pool-size=#,work_mem,0.89787257
max-binlog-cache-size=#,shared_buffers,0.8952799
innodb-log-buffer-size=#,wal_buffers,0.8883939
innodb-buffer-pool-size=#,logical_decoding_work_mem,0.8857392
innodb-log-buffer-size=#,temp_file_limit,0.88417554
join-buffer-size=#,temp_buffers,0.8816861
join-buffer-size=#,work_mem,0.88052094
key-buffer-size=#,work_mem,0.88010883
read-buffer-size=#,shared_buffers,0.87845165
innodb-buffer-pool-size=#,wal_buffers,0.87813455
innodb-adaptive-hash-index-parts[=#],hash_mem_multiplier,0.87809575
innodb-log-buffer-size=#,work_mem,0.8779814
innodb-log-buffer-size=#,wal_keep_size,0.87688863
innodb-thread-concurrency=#,lo_compat_privileges,0.87651664
innodb-log-buffer-size=#,temp_buffers,0.8764521
mysqlx-max-allowed-packet[=#],client_min_messages,0.87642384
binlog-cache-size=#,jit_inline_above_cost,0.8762662
innodb-thread-concurrency=#,archive_command,0.8761164
innodb-thread-concurrency=#,log_autovacuum_min_duration,0.875981
innodb-thread-concurrency=#,restore_command,0.8750423
read-buffer-size=#,temp_buffers,0.87491965
tmp-table-size=#,wal_buffers,0.87357414
max-connections=#,max_worker_processes,0.8724619
replica-max-allowed-packet=#,max_wal_senders,0.8724308
innodb-thread-concurrency=#,hot_standby_feedback,0.8723389
max-binlog-cache-size=#,work_mem,0.87210715
innodb-buffer-pool-size=#,effective_io_concurrency,0.871922
innodb-thread-concurrency=#,syslog_sequence_numbers,0.87111866
innodb-log-buffer-size=#,primary_slot_name,0.87098897
innodb-thread-concurrency=#,promote_trigger_file,0.87084574
slave-max-allowed-packet=#,ssl_passphrase_command_supports_reload,0.8706409
innodb-log-buffer-size=#,event_source,0.87036884
max-binlog-cache-size=#,effective_cache_size,0.8703655
innodb-thread-concurrency=#,temp_buffers,0.8699571
innodb-thread-concurrency=#,recovery_end_command,0.8691014
innodb-thread-concurrency=#,max_slot_wal_keep_size,0.8688537
innodb-log-buffer-size=#,max_files_per_process,0.86874306
innodb-old-blocks-time=#,archive_timeout,0.8678742
innodb-write-io-threads=#,min_dynamic_shared_memory,0.8663939
innodb-thread-concurrency=#,default_transaction_read_only,0.8663008
binlog-cache-size=#,jit_optimize_above_cost,0.86621714
table-open-cache=#,wal_buffers,0.8660053
read-buffer-size=#,wal_buffers,0.8659351
innodb-thread-concurrency=#,max_standby_streaming_delay,0.86575824
innodb-thread-concurrency=#,archive_cleanup_command,0.8656844
innodb-thread-concurrency=#,syslog_facility,0.8655999
innodb-thread-concurrency=#,max_files_per_process,0.8655614
innodb-thread-concurrency=#,commit_siblings,0.86548865
innodb-adaptive-hash-index-parts[=#],track_activity_query_size,0.86475945
key-buffer-size=#,wal_buffers,0.8645742
innodb-thread-concurrency=#,wal_skip_threshold,0.8645478
innodb-read-io-threads=#,min_dynamic_shared_memory,0.8645052
max-binlog-cache-size=#,wal_buffers,0.8644738
key-buffer-size=#,logical_decoding_work_mem,0.8644088
innodb-thread-concurrency=#,max_standby_archive_delay,0.8640984
innodb-buffer-pool-size=#,temp_buffers,0.8635503
innodb-buffer-pool-size=#,maintenance_work_mem,0.86328375
read-buffer-size=#,work_mem,0.8630506
join-buffer-size=#,wal_block_size,0.8630297
innodb-thread-concurrency=#,autovacuum_vacuum_threshold,0.862915
bulk-insert-buffer-size=#,jit_optimize_above_cost,0.86253893
binlog-cache-size=#,jit_above_cost,0.8623778
join-buffer-size=#,temp_file_limit,0.8622042
innodb-log-buffer-size=#,logical_decoding_work_mem,0.86213243
innodb-file-per-table,wal_skip_threshold,0.86183226
innodb-file-per-table,archive_command,0.86180466
innodb-buffer-pool-size=#,shared_memory_type,0.8617649
max-allowed-packet=#,listen_addresses,0.8613018
innodb-io-capacity=#,wal_keep_size,0.8609736
innodb-thread-concurrency=#,temp_file_limit,0.8608818
innodb-thread-concurrency=#,session_replication_role,0.8608738
innodb-log-buffer-size=#,wal_receiver_timeout,0.86067224
innodb-thread-concurrency=#,ssl_passphrase_command_supports_reload,0.8602921
max-binlog-cache-size=#,max_pred_locks_per_transaction,0.8601041
bulk-insert-buffer-size=#,wal_block_size,0.8600994
max-allowed-packet=#,client_min_messages,0.8600235
sort-buffer-size=#,work_mem,0.8599045
tmp-table-size=#,shared_memory_type,0.8598188
innodb-file-per-table,restore_command,0.8597102
innodb-log-buffer-size=#,wal_sync_method,0.85952437
innodb-thread-concurrency=#,autovacuum_freeze_max_age,0.8591194
tmp-table-size=#,effective_io_concurrency,0.8591149
max-binlog-cache-size=#,logical_decoding_work_mem,0.85909784
innodb-file-per-table,track_activity_query_size,0.8590616
innodb-buffer-pool-size=#,autovacuum_work_mem,0.8590155
bulk-insert-buffer-size=#,jit_inline_above_cost,0.85896623
key-buffer-size=#,max_slot_wal_keep_size,0.858863
innodb-thread-concurrency=#,wal_keep_size,0.8582951
binlog-cache-size=#,work_mem,0.85825723
max-allowed-packet=#,primary_slot_name,0.8581717
replica-max-allowed-packet=#,shared_buffers,0.85776556
innodb-log-file-size=#,remove_temp_files_after_crash,0.8577328
table-open-cache=#,work_mem,0.8576002
innodb-log-buffer-size=#,log_parser_stats,0.85756314
innodb-file-per-table,autovacuum_multixact_freeze_max_age,0.8574696
replica-max-allowed-packet=#,wal_receiver_status_interval,0.85744274
tmp-table-size=#,shared_buffers,0.857352
innodb-buffer-pool-size=#,temp_file_limit,0.8571711
innodb-log-buffer-size=#,effective_io_concurrency,0.85714364
innodb-io-capacity=#,log_hostname,0.85699856
innodb-log-buffer-size=#,autovacuum_work_mem,0.85671043
replica-max-allowed-packet=#,client_min_messages,0.8565577
innodb-thread-concurrency=#,debug_assertions,0.85648
innodb-thread-concurrency=#,recovery_init_sync_method,0.85632414
innodb-file-per-table,syslog_sequence_numbers,0.8561139
key-buffer-size=#,temp_tablespaces,0.8560854
max-binlog-cache-size=#,default_transaction_isolation,0.8559052
join-buffer-size=#,wal_buffers,0.8554875
max-allowed-packet=#,wal_receiver_status_interval,0.8553034
binlog-cache-size=#,log_min_duration_sample,0.8552459
innodb-log-file-size=#,wal_skip_threshold,0.8552327
bulk-insert-buffer-size=#,wal_segment_size,0.8552052
binlog-cache-size=#,wal_block_size,0.8550819
binlog-cache-size=#,data_checksums,0.85507375
innodb-thread-concurrency=#,autovacuum_multixact_freeze_max_age,0.85501325
innodb-log-buffer-size=#,logging_collector,0.8550088
innodb-thread-concurrency=#,wal_sync_method,0.85454375
innodb-log-buffer-size=#,backend_flush_after,0.8544576
innodb-log-buffer-size=#,bgwriter_flush_after,0.8544576
innodb-log-buffer-size=#,checkpoint_flush_after,0.8544576
binlog-cache-size=#,autovacuum_analyze_scale_factor,0.854349
innodb-adaptive-hash-index-parts[=#],default_tablespace,0.8541852
innodb-adaptive-hash-index-parts[=#],default_table_access_method,0.85414803
key-buffer-size=#,autovacuum_work_mem,0.85406756
innodb-log-buffer-size=#,log_executor_stats,0.85378486
innodb-file-per-table,allow_in_place_tablespaces,0.85372835
replica-max-allowed-packet=#,primary_slot_name,0.85360223
bulk-insert-buffer-size=#,jit_above_cost,0.8535659
innodb-thread-concurrency=#,remove_temp_files_after_crash,0.8530524
innodb-file-per-table,ssl_passphrase_command_supports_reload,0.8528912
innodb-log-buffer-size=#,segment_size,0.8528813
binlog-cache-size=#,geqo_effort,0.8526509
innodb-thread-concurrency=#,autovacuum_work_mem,0.85259616
binlog-cache-size=#,log_parser_stats,0.8523685
max-binlog-cache-size=#,temp_buffers,0.85212475
max-binlog-cache-size=#,max_wal_senders,0.8520634
sort-buffer-size=#,shared_buffers,0.85204655
innodb-log-buffer-size=#,temp_tablespaces,0.852006
innodb-log-buffer-size=#,archive_command,0.85175467
innodb-file-per-table,default_table_access_method,0.8517271
innodb-file-per-table,promote_trigger_file,0.8515934
join-buffer-size=#,wal_segment_size,0.85154486
innodb-io-capacity=#,log_autovacuum_min_duration,0.8511224
join-buffer-size=#,logical_decoding_work_mem,0.8511205
innodb-thread-concurrency=#,default_table_access_method,0.8506613
innodb-file-per-table,default_tablespace,0.8505026
binlog-cache-size=#,logging_collector,0.850376
slave-max-allowed-packet=#,track_activity_query_size,0.85024637
innodb-thread-concurrency=#,maintenance_io_concurrency,0.85001177
innodb-log-buffer-size=#,max_wal_senders,0.8499081
binlog-cache-size=#,wal_segment_size,0.84978557
replica-max-allowed-packet=#,max_standby_streaming_delay,0.8497447
innodb-old-blocks-time=#,autovacuum_vacuum_threshold,0.849705
key-buffer-size=#,syslog_split_messages,0.8496958
bulk-insert-buffer-size=#,work_mem,0.849676
innodb-log-buffer-size=#,client_min_messages,0.8496029
key-buffer-size=#,wal_block_size,0.84953713
read-buffer-size=#,autovacuum_work_mem,0.84952986
innodb-log-buffer-size=#,restore_command,0.8493434
table-open-cache=#,default_table_access_method,0.8493285
max-binlog-cache-size=#,max_connections,0.8491955
read-buffer-size=#,logical_decoding_work_mem,0.84909034
innodb-thread-concurrency=#,wal_init_zero,0.8490585
max-binlog-cache-size=#,max_parallel_workers_per_gather,0.84897697
tmp-table-size=#,logging_collector,0.8489649
innodb-io-capacity-max=#,log_statement_sample_rate,0.8488207
innodb-thread-concurrency=#,transaction_deferrable,0.8487836
innodb-thread-concurrency=#,idle_session_timeout,0.8487344
innodb-adaptive-hash-index-parts[=#],server_encoding,0.84854805
tmp-table-size=#,work_mem,0.8484787
binlog-cache-size=#,effective_io_concurrency,0.8484753
tmp-table-size=#,transaction_deferrable,0.84818244
innodb-adaptive-hash-index-parts[=#],autovacuum_vacuum_threshold,0.84807587
mysqlx-max-allowed-packet[=#],log_min_messages,0.8479637
innodb-log-buffer-size=#,log_hostname,0.847775
tmp-table-size=#,promote_trigger_file,0.84754837
innodb-log-buffer-size=#,recovery_init_sync_method,0.84751445
read-buffer-size=#,temp_file_limit,0.8474279
read-buffer-size=#,shared_memory_type,0.8473263
binlog-cache-size=#,temp_tablespaces,0.84708184
slave-max-allowed-packet=#,maintenance_io_concurrency,0.8469937
table-open-cache=#,max_files_per_process,0.8469933
join-buffer-size=#,max_files_per_process,0.84693885
read-buffer-size=#,max_files_per_process,0.8469237
innodb-thread-concurrency=#,log_parameter_max_length,0.8468397
tmp-table-size=#,restore_command,0.8468008
binlog-cache-size=#,default_tablespace,0.846763
innodb-write-io-threads=#,log_parser_stats,0.84631836
innodb-io-capacity=#,autovacuum_vacuum_threshold,0.84628755
key-buffer-size=#,log_parameter_max_length,0.8460775
max-binlog-cache-size=#,wal_receiver_timeout,0.8459117
innodb-thread-concurrency=#,log_parameter_max_length_on_error,0.84591013
mysqlx-max-connections[=#],max_wal_senders,0.8458766
key-buffer-size=#,syslog_sequence_numbers,0.84586924
innodb-file-per-table,autovacuum_freeze_max_age,0.8458184
read-rnd-buffer-size=#,wal_buffers,0.84561145
innodb-log-buffer-size=#,log_destination,0.8454727
innodb-log-buffer-size=#,wal_block_size,0.8452794
innodb-thread-concurrency=#,default_transaction_deferrable,0.84495234
innodb-thread-concurrency=#,max_wal_senders,0.8449489
innodb-file-per-table,logging_collector,0.84471786
innodb-log-buffer-size=#,max_slot_wal_keep_size,0.8446476
innodb-buffer-pool-size=#,wal_receiver_timeout,0.844619
innodb-log-file-size=#,syslog_facility,0.84457165
innodb-online-alter-log-max-size=#,log_file_mode,0.844422
innodb-sort-buffer-size=#,vacuum_cost_page_hit,0.84438705
innodb-sort-buffer-size=#,vacuum_cost_page_hit,0.84438705
key-buffer-size=#,wal_skip_threshold,0.8442267
innodb-io-capacity=#,port,0.8441324
innodb-thread-concurrency=#,enable_partition_pruning,0.8440359
myisam-sort-buffer-size=#,temp_tablespaces,0.84398687
key-buffer-size=#,log_temp_files,0.8439052
innodb-io-capacity=#,log_executor_stats,0.84388816
table-open-cache-instances=#,shared_buffers,0.84379077
table-open-cache=#,temp_buffers,0.8436612
key-buffer-size=#,wal_keep_size,0.8435316
innodb-io-capacity=#,max_files_per_process,0.84344316
max-connections=#,max_prepared_transactions,0.84343266
innodb-log-buffer-size=#,shared_memory_type,0.84338534
tmp-table-size=#,event_source,0.8433753
myisam-sort-buffer-size=#,default_tablespace,0.84337
innodb-thread-concurrency=#,effective_io_concurrency,0.8433666
innodb-adaptive-hash-index-parts[=#],temp_buffers,0.84335023
binlog-cache-size=#,event_source,0.8433436
innodb-io-capacity=#,hot_standby_feedback,0.8433052
innodb-io-capacity=#,syslog_facility,0.8431642
innodb-adaptive-hash-index-parts[=#],min_dynamic_shared_memory,0.8431418
key-buffer-size=#,default_tablespace,0.84310913
innodb-buffer-pool-size=#,dynamic_shared_memory_type,0.843071
table-open-cache=#,shared_buffers,0.84304845
innodb-old-blocks-time=#,log_parameter_max_length_on_error,0.8429364
innodb-thread-concurrency=#,idle_in_transaction_session_timeout,0.84291184
innodb-file-per-table,temp_tablespaces,0.84284675
replica-max-allowed-packet=#,max_standby_archive_delay,0.8427305
max-binlog-cache-size=#,transaction_isolation,0.8425729
innodb-log-buffer-size=#,maintenance_work_mem,0.8425343
join-buffer-size=#,max_wal_senders,0.8425241
innodb-adaptive-hash-index-parts[=#],max_files_per_process,0.8424629
innodb-thread-concurrency=#,work_mem,0.842424
innodb-log-buffer-size=#,recovery_target_lsn,0.8423558
innodb-log-buffer-size=#,log_file_mode,0.84232616
innodb-thread-concurrency=#,wal_log_hints,0.8423004
innodb-log-file-size=#,min_dynamic_shared_memory,0.84226173
innodb-log-buffer-size=#,data_directory_mode,0.84224063
read-buffer-size=#,max_wal_senders,0.84222424
innodb-thread-concurrency=#,superuser_reserved_connections,0.84219676
bulk-insert-buffer-size=#,data_checksums,0.8421823
sort-buffer-size=#,wal_buffers,0.84215075
innodb-buffer-pool-size=#,temp_tablespaces,0.8420956
innodb-adaptive-hash-index-parts[=#],wal_buffers,0.8420458
join-buffer-size=#,wal_receiver_timeout,0.84204197
innodb-thread-concurrency=#,allow_in_place_tablespaces,0.8419796
sort-buffer-size=#,event_source,0.841951
join-buffer-size=#,data_directory_mode,0.84189343
innodb-log-file-size=#,autovacuum_vacuum_threshold,0.8418813
innodb-thread-concurrency=#,archive_timeout,0.84188104
table-open-cache=#,default_tablespace,0.8417037
innodb-log-buffer-size=#,dynamic_shared_memory_type,0.8413216
max-allowed-packet=#,client_encoding,0.8411695
max-binlog-cache-size=#,max_files_per_process,0.8411499
max-allowed-packet=#,max_standby_streaming_delay,0.84112614
key-buffer-size=#,shared_buffers,0.84111977
join-buffer-size=#,primary_slot_name,0.84105134
table-open-cache=#,data_checksums,0.8410297
innodb-old-blocks-time=#,recovery_target_lsn,0.84096134
innodb-thread-concurrency=#,autovacuum_max_workers,0.8409507
innodb-io-capacity=#,default_transaction_read_only,0.84093
innodb-thread-concurrency=#,jit_above_cost,0.84089756
innodb-adaptive-hash-index-parts[=#],work_mem,0.8408967
bulk-insert-buffer-size=#,autovacuum_multixact_freeze_max_age,0.84088373
innodb-io-capacity=#,wal_receiver_status_interval,0.8408831
tmp-table-size=#,archive_command,0.84071076
innodb-buffer-pool-size=#,wal_keep_size,0.8406913
join-buffer-size=#,block_size,0.8405021
key-buffer-size=#,logging_collector,0.84045845
innodb-adaptive-hash-index-parts[=#],wal_skip_threshold,0.8404101
max-connections=#,max_logical_replication_workers,0.840368
innodb-io-capacity=#,log_destination,0.8403367
innodb-online-alter-log-max-size=#,wal_keep_size,0.8402235
bulk-insert-buffer-size=#,log_parameter_max_length_on_error,0.84013736
binlog-cache-size=#,log_parameter_max_length,0.84011364
innodb-io-capacity=#,max_standby_streaming_delay,0.8401066
innodb-thread-concurrency=#,ignore_invalid_pages,0.84008396
innodb-thread-concurrency=#,wal_receiver_create_temp_slot,0.8400425
max-binlog-cache-size=#,max_replication_slots,0.8399921
innodb-adaptive-hash-index-parts[=#],max_slot_wal_keep_size,0.8399497
sort-buffer-size=#,archive_command,0.83988655
innodb-buffer-pool-size=#,event_source,0.83981365
innodb-thread-concurrency=#,update_process_title,0.83975303
innodb-thread-concurrency=#,shared_buffers,0.8396914
innodb-adaptive-hash-index-parts[=#],temp_tablespaces,0.8394344
max-binlog-cache-size=#,synchronous_commit,0.83940125
innodb-thread-concurrency=#,fsync,0.83932394
read-rnd-buffer-size=#,backend_flush_after,0.8392766
read-rnd-buffer-size=#,bgwriter_flush_after,0.8392766
read-rnd-buffer-size=#,checkpoint_flush_after,0.8392766
join-buffer-size=#,max_slot_wal_keep_size,0.8392035
bulk-insert-buffer-size=#,log_min_duration_sample,0.839072
innodb-sort-buffer-size=#,dynamic_shared_memory_type,0.8390629
innodb-sort-buffer-size=#,dynamic_shared_memory_type,0.8390629
innodb-old-blocks-time=#,transaction_deferrable,0.8389485
max-connections=#,max_connections,0.83879584
join-buffer-size=#,event_source,0.83877337
innodb-adaptive-hash-index-parts[=#],wal_keep_size,0.8387636
innodb-sort-buffer-size=#,wal_buffers,0.8387495
innodb-sort-buffer-size=#,wal_buffers,0.8387495
innodb-online-alter-log-max-size=#,default_text_search_config,0.8386759
innodb-write-io-threads=#,effective_io_concurrency,0.8386159
innodb-log-buffer-size=#,log_truncate_on_rotation,0.8386083
tmp-table-size=#,jit_dump_bitcode,0.8385873
key-buffer-size=#,wal_segment_size,0.8385149
innodb-adaptive-hash-index,autovacuum_multixact_freeze_max_age,0.83846605
innodb-io-capacity=#,wal_sync_method,0.8383957
innodb-log-buffer-size=#,block_size,0.83838737
innodb-read-io-threads=#,log_parser_stats,0.83825004
innodb-thread-concurrency=#,vacuum_cost_page_miss,0.8381773
innodb-log-buffer-size=#,log_timezone,0.8381742
binlog-cache-size=#,hot_standby_feedback,0.8381164
binlog-cache-size=#,syslog_sequence_numbers,0.8381069
innodb-file-per-table,jit_profiling_support,0.83807313
innodb-log-buffer-size=#,port,0.83804727
bulk-insert-buffer-size=#,log_parameter_max_length,0.8380435
innodb-io-capacity=#,max_standby_archive_delay,0.8380327
myisam-sort-buffer-size=#,autovacuum_freeze_max_age,0.8379257
innodb-thread-concurrency=#,recovery_target_lsn,0.83786166
mysqlx-max-connections[=#],log_min_duration_sample,0.8378126
innodb-log-file-size=#,wal_keep_size,0.8376993
innodb-io-capacity=#,restore_command,0.8376293
sort-buffer-size=#,temp_buffers,0.83761
innodb-buffer-pool-size=#,vacuum_cost_page_hit,0.8375002
join-buffer-size=#,max_parallel_workers,0.83735955
innodb-buffer-pool-size=#,primary_slot_name,0.8373568
innodb-adaptive-hash-index,ssl_prefer_server_ciphers,0.83727396
innodb-file-per-table,syslog_split_messages,0.8372077
tmp-table-size=#,recovery_init_sync_method,0.8372022
innodb-adaptive-hash-index-parts[=#],shared_buffers,0.8371885
innodb-log-buffer-size=#,commit_delay,0.83714026
max-binlog-cache-size=#,idle_in_transaction_session_timeout,0.83714
binlog-cache-size=#,hash_mem_multiplier,0.8371388
key-buffer-size=#,min_parallel_table_scan_size,0.8369063
key-buffer-size=#,temp_file_limit,0.8369051
innodb-thread-concurrency=#,wal_buffers,0.8367927
mysqlx-max-connections[=#],max_connections,0.83672947
innodb-log-buffer-size=#,max_standby_archive_delay,0.8367147
innodb-old-blocks-time=#,backend_flush_after,0.8367049
innodb-old-blocks-time=#,bgwriter_flush_after,0.8367049
innodb-old-blocks-time=#,checkpoint_flush_after,0.8367049
innodb-log-file-size=#,archive_mode,0.83663
binlog-cache-size=#,log_executor_stats,0.8365882
innodb-old-blocks-time=#,temp_buffers,0.8365269
innodb-old-blocks-time=#,commit_delay,0.8364811
replica-max-allowed-packet=#,event_source,0.8364139
join-buffer-size=#,idle_in_transaction_session_timeout,0.83637655
innodb-thread-concurrency=#,jit_optimize_above_cost,0.8362535
bulk-insert-buffer-size=#,syslog_sequence_numbers,0.8362506
innodb-log-file-size=#,temp_file_limit,0.83621144
innodb-log-buffer-size=#,log_planner_stats,0.83615935
read-buffer-size=#,debug_print_rewritten,0.8360518
innodb-file-per-table,syslog_facility,0.83603525
max-allowed-packet=#,port,0.83597887
bulk-insert-buffer-size=#,vacuum_cost_page_miss,0.83586985
replica-max-allowed-packet=#,listen_addresses,0.83577687
tmp-table-size=#,vacuum_cost_page_miss,0.8357605
innodb-buffer-pool-size=#,commit_delay,0.8356833
innodb-online-alter-log-max-size=#,archive_mode,0.83548737
mysqlx-max-connections[=#],superuser_reserved_connections,0.8354702
read-buffer-size=#,transaction_deferrable,0.8354419
innodb-io-capacity=#,wal_skip_threshold,0.8352395
sort-buffer-size=#,autovacuum_work_mem,0.8352212
key-buffer-size=#,data_checksums,0.83517903
innodb-io-capacity=#,log_parser_stats,0.835143
innodb-online-alter-log-max-size=#,default_table_access_method,0.83505595
read-rnd-buffer-size=#,recovery_target_lsn,0.83504164
max-binlog-cache-size=#,log_min_duration_sample,0.83491313
read-buffer-size=#,max_parallel_workers,0.83485794
innodb-file-per-table,update_process_title,0.8348361
binlog-cache-size=#,jit_profiling_support,0.83469844
read-buffer-size=#,min_parallel_table_scan_size,0.83468443
sort-buffer-size=#,logging_collector,0.8345773
innodb-log-buffer-size=#,syslog_split_messages,0.83448404
innodb-log-buffer-size=#,unix_socket_permissions,0.8344683
key-buffer-size=#,log_min_duration_sample,0.8344201
myisam-sort-buffer-size=#,wal_skip_threshold,0.83439755
innodb-adaptive-hash-index-parts[=#],allow_in_place_tablespaces,0.83435464
tmp-table-size=#,logical_decoding_work_mem,0.8342952
key-buffer-size=#,temp_buffers,0.8342713
innodb-purge-threads[=#],log_parameter_max_length_on_error,0.8342582
key-buffer-size=#,track_activity_query_size,0.8341555
max-binlog-cache-size=#,primary_slot_name,0.834147
read-buffer-size=#,effective_io_concurrency,0.83414245
innodb-read-io-threads=#,shared_buffers,0.83406687
innodb-buffer-pool-size=#,vacuum_cost_page_miss,0.8340286
innodb-file-per-table,hot_standby_feedback,0.8339132
table-open-cache=#,max_pred_locks_per_transaction,0.8338922
key-buffer-size=#,log_parameter_max_length_on_error,0.8337861
key-buffer-size=#,jit_optimize_above_cost,0.8337263
mysqlx-max-connections[=#],max_pred_locks_per_transaction,0.8336619
key-buffer-size=#,geqo_effort,0.8336338
innodb-adaptive-hash-index-parts[=#],log_parameter_max_length,0.83361316
key-buffer-size=#,vacuum_cost_page_hit,0.8335881
join-buffer-size=#,temp_tablespaces,0.8335372
innodb-adaptive-hash-index-parts[=#],syslog_sequence_numbers,0.8335146
innodb-thread-concurrency=#,log_min_duration_statement,0.8334434
key-cache-age-threshold=#,archive_timeout,0.8334047
key-buffer-size=#,vacuum_cost_page_miss,0.83336496
innodb-log-buffer-size=#,max_standby_streaming_delay,0.8332619
sort-buffer-size=#,logical_decoding_work_mem,0.8331654
innodb-write-io-threads=#,shared_buffers,0.8331291
bulk-insert-buffer-size=#,vacuum_cost_page_hit,0.83312285
innodb-adaptive-hash-index-parts[=#],ssl_passphrase_command_supports_reload,0.8330626
max-allowed-packet=#,max_standby_archive_delay,0.8330368
innodb-sort-buffer-size=#,logical_decoding_work_mem,0.8330351
innodb-sort-buffer-size=#,logical_decoding_work_mem,0.8330351
innodb-log-file-size=#,default_table_access_method,0.83303094
innodb-read-io-threads=#,effective_io_concurrency,0.8329942
binlog-cache-size=#,allow_in_place_tablespaces,0.8329544
key-buffer-size=#,recovery_target_lsn,0.83294344
key-buffer-size=#,effective_io_concurrency,0.83276606
innodb-old-blocks-time=#,archive_cleanup_command,0.83251965
table-open-cache=#,log_min_duration_sample,0.83248055
key-buffer-size=#,log_autovacuum_min_duration,0.83247924
innodb-write-io-threads=#,ssl_passphrase_command_supports_reload,0.83245456
tmp-table-size=#,syslog_sequence_numbers,0.83242613
replica-max-allowed-packet=#,transaction_isolation,0.83242023
binlog-cache-size=#,log_autovacuum_min_duration,0.8323626
innodb-thread-concurrency=#,full_page_writes,0.8323183
join-buffer-size=#,data_checksums,0.83230126
tmp-table-size=#,autovacuum_work_mem,0.8322871
table-open-cache=#,temp_tablespaces,0.8322772
innodb-thread-concurrency=#,event_source,0.83225167
innodb-thread-concurrency=#,backend_flush_after,0.8322474
innodb-thread-concurrency=#,bgwriter_flush_after,0.8322474
innodb-thread-concurrency=#,checkpoint_flush_after,0.8322474
innodb-buffer-pool-size=#,effective_cache_size,0.8321159
table-open-cache=#,max_wal_senders,0.8320263
replica-max-allowed-packet=#,max_files_per_process,0.83196473
binlog-cache-size=#,recovery_target_lsn,0.83191276
innodb-adaptive-hash-index-parts[=#],autovacuum_multixact_freeze_max_age,0.8319045
innodb-file-per-table,debug_print_rewritten,0.8318731
binlog-cache-size=#,shared_buffers,0.83186126
max-binlog-cache-size=#,max_parallel_workers,0.83179593
innodb-thread-concurrency=#,ignore_system_indexes,0.8317876
tmp-table-size=#,unix_socket_permissions,0.8316182
innodb-sort-buffer-size=#,vacuum_cost_page_miss,0.8315532
innodb-sort-buffer-size=#,vacuum_cost_page_miss,0.8315532
innodb-io-capacity=#,shared_buffers,0.83152497
join-buffer-size=#,max_pred_locks_per_transaction,0.8315136
tmp-table-size=#,default_transaction_read_only,0.83150053
innodb-thread-concurrency=#,log_parser_stats,0.8314094
innodb-io-capacity=#,wal_receiver_timeout,0.8313557
tmp-table-size=#,max_standby_streaming_delay,0.8312696
innodb-io-capacity=#,ssl_passphrase_command_supports_reload,0.8312557
innodb-thread-concurrency=#,unix_socket_permissions,0.8312554
read-buffer-size=#,max_replication_slots,0.83113396
innodb-adaptive-hash-index-parts[=#],max_wal_senders,0.8310199
key-buffer-size=#,min_parallel_index_scan_size,0.83096457
read-buffer-size=#,logging_collector,0.8307456
max-allowed-packet=#,shared_buffers,0.8306974
innodb-log-buffer-size=#,superuser_reserved_connections,0.8306831
innodb-thread-concurrency=#,debug_discard_caches,0.83060336
innodb-io-capacity-max=#,log_autovacuum_min_duration,0.83055174
innodb-log-buffer-size=#,syslog_ident,0.83055115
innodb-thread-concurrency=#,log_hostname,0.83042383
bulk-insert-buffer-size=#,wal_buffers,0.83039224
innodb-log-file-size=#,wal_init_zero,0.83039033
tmp-table-size=#,syslog_ident,0.8303385
read-buffer-size=#,backend_flush_after,0.8302923
read-buffer-size=#,bgwriter_flush_after,0.8302923
read-buffer-size=#,checkpoint_flush_after,0.8302923
max-binlog-cache-size=#,temp_file_limit,0.8302125
innodb-adaptive-hash-index,syslog_sequence_numbers,0.8301705
innodb-max-dirty-pages-pct=#,wal_keep_size,0.83006036
innodb-log-buffer-size=#,log_temp_files,0.83005977
key-buffer-size=#,maintenance_work_mem,0.8300313
innodb-io-capacity=#,archive_command,0.8300042
innodb-thread-concurrency=#,max_pred_locks_per_transaction,0.82999533
innodb-thread-concurrency=#,jit_inline_above_cost,0.82995284
innodb-buffer-pool-size=#,superuser_reserved_connections,0.82990813
bulk-insert-buffer-size=#,logical_decoding_work_mem,0.8298678
innodb-log-buffer-size=#,recovery_end_command,0.8298331
table-open-cache=#,wal_segment_size,0.82979167
innodb-adaptive-hash-index-parts[=#],commit_siblings,0.82977843
bulk-insert-buffer-size=#,enable_partition_pruning,0.8297744
key-buffer-size=#,default_table_access_method,0.8295689
innodb-old-blocks-time=#,log_min_error_statement,0.8295
tmp-table-size=#,dynamic_shared_memory_type,0.829498
sort-buffer-size=#,temp_file_limit,0.82948065
binlog-cache-size=#,autovacuum_analyze_threshold,0.8294714
innodb-old-blocks-time=#,wal_buffers,0.82945323
innodb-buffer-pool-size=#,max_slot_wal_keep_size,0.82942426
mysqlx-max-connections[=#],track_activity_query_size,0.82940185
max-binlog-cache-size=#,log_transaction_sample_rate,0.8292622
table-open-cache-instances=#,temp_buffers,0.8292265
sort-buffer-size=#,default_tablespace,0.8292077
key-buffer-size=#,max_files_per_process,0.8291904
max-allowed-packet=#,ssl_key_file,0.8290478
max-allowed-packet=#,log_destination,0.82900226
innodb-buffer-pool-size=#,max_files_per_process,0.8289975
innodb-purge-threads[=#],max_slot_wal_keep_size,0.82898897
key-buffer-size=#,default_toast_compression,0.82897174
key-buffer-size=#,jit_inline_above_cost,0.8289033
replica-max-allowed-packet=#,temp_buffers,0.82883537
tmp-table-size=#,max_standby_archive_delay,0.8288101
innodb-log-buffer-size=#,log_min_duration_sample,0.82878375
mysqlx-max-allowed-packet[=#],wal_receiver_timeout,0.82877177
max-allowed-packet=#,max_wal_senders,0.8287612
join-buffer-size=#,dynamic_shared_memory_type,0.82869565
innodb-adaptive-hash-index,ssl_passphrase_command_supports_reload,0.82864857
innodb-thread-concurrency=#,logging_collector,0.8286181
binlog-cache-size=#,autovacuum_multixact_freeze_max_age,0.8284635
innodb-thread-concurrency=#,min_dynamic_shared_memory,0.82839954
sort-buffer-size=#,effective_io_concurrency,0.8283428
innodb-file-per-table,recovery_target_lsn,0.8283322
slave-max-allowed-packet=#,allow_in_place_tablespaces,0.8282808
binlog-cache-size=#,update_process_title,0.828276
bulk-insert-buffer-size=#,backtrace_functions,0.82825434
innodb-adaptive-hash-index,autovacuum_freeze_max_age,0.8281599
tmp-table-size=#,temp_buffers,0.8280692
innodb-read-io-threads=#,max_logical_replication_workers,0.8280495
innodb-log-buffer-size=#,vacuum_cost_page_hit,0.82803094
innodb-log-buffer-size=#,log_statement_stats,0.82794
innodb-io-capacity=#,max_wal_senders,0.82793057
innodb-io-capacity=#,update_process_title,0.82789207
binlog-cache-size=#,wal_buffers,0.82789004
bulk-insert-buffer-size=#,default_toast_compression,0.8278706
bulk-insert-buffer-size=#,geqo_effort,0.82777107
innodb-io-capacity-max=#,log_min_duration_sample,0.8277073
innodb-adaptive-hash-index-parts[=#],jit_above_cost,0.8276007
innodb-buffer-pool-size=#,min_parallel_table_scan_size,0.827515
join-buffer-size=#,default_tablespace,0.82741845
key-buffer-size=#,superuser_reserved_connections,0.8273968
read-buffer-size=#,dynamic_shared_memory_type,0.82739663
myisam-sort-buffer-size=#,restore_command,0.8273945
innodb-thread-concurrency=#,max_parallel_maintenance_workers,0.8273637
innodb-write-io-threads=#,log_executor_stats,0.8273351
innodb-buffer-pool-size=#,default_transaction_read_only,0.8272447
read-rnd-buffer-size=#,wal_block_size,0.82720125
binlog-cache-size=#,maintenance_io_concurrency,0.827072
max-connections=#,max_parallel_workers,0.82706225
max-binlog-cache-size=#,commit_delay,0.82703686
innodb-thread-concurrency=#,transaction_isolation,0.82700455
read-buffer-size=#,log_min_duration_sample,0.8270017
innodb-adaptive-hash-index,hash_mem_multiplier,0.8269342
innodb-adaptive-hash-index-parts[=#],ssl_prefer_server_ciphers,0.8268502
join-buffer-size=#,autovacuum_work_mem,0.826845
read-buffer-size=#,debug_print_parse,0.82677305
innodb-purge-threads[=#],log_parameter_max_length,0.82674485
join-buffer-size=#,cluster_name,0.82673514
myisam-sort-buffer-size=#,archive_command,0.826733
replica-max-allowed-packet=#,temp_file_limit,0.8266766
sort-buffer-size=#,shared_memory_type,0.8265958
innodb-write-io-threads=#,log_planner_stats,0.8265953
innodb-io-capacity=#,commit_siblings,0.82644165
sort-buffer-size=#,max_wal_senders,0.8264381
join-buffer-size=#,idle_session_timeout,0.8264159
innodb-io-capacity=#,log_planner_stats,0.8264095
join-buffer-size=#,maintenance_work_mem,0.8263407
innodb-log-buffer-size=#,log_autovacuum_min_duration,0.8263057
table-open-cache-instances=#,max_pred_locks_per_transaction,0.82627636
innodb-io-capacity=#,backend_flush_after,0.82627237
innodb-io-capacity=#,bgwriter_flush_after,0.82627237
innodb-io-capacity=#,checkpoint_flush_after,0.82627237
max-binlog-cache-size=#,autovacuum_work_mem,0.826267
key-buffer-size=#,autovacuum_multixact_freeze_max_age,0.82625145
innodb-io-capacity=#,client_encoding,0.8261905
binlog-cache-size=#,autovacuum_freeze_max_age,0.8261435
binlog-cache-size=#,default_table_access_method,0.8261289
max-binlog-cache-size=#,commit_siblings,0.82612216
max-binlog-cache-size=#,max_prepared_transactions,0.8261191
binlog-cache-size=#,session_replication_role,0.8261082
sort-buffer-size=#,recovery_end_command,0.8261033
innodb-write-io-threads=#,max_logical_replication_workers,0.8260671
innodb-write-io-threads=#,restart_after_crash,0.8260411
innodb-max-dirty-pages-pct=#,ignore_invalid_pages,0.8260335
sort-buffer-size=#,max_parallel_workers,0.8258899
max-binlog-cache-size=#,max_parallel_maintenance_workers,0.82584834
innodb-thread-concurrency=#,log_min_error_statement,0.8258053
innodb-thread-concurrency=#,vacuum_cost_page_hit,0.82580197
innodb-buffer-pool-size=#,max_standby_archive_delay,0.8257084
innodb-buffer-pool-size=#,recovery_init_sync_method,0.8256824
tmp-table-size=#,default_toast_compression,0.8256041
innodb-file-per-table,wal_init_zero,0.8255592
innodb-online-alter-log-max-size=#,max_sync_workers_per_subscription,0.82555634
bulk-insert-buffer-size=#,maintenance_io_concurrency,0.825529
innodb-log-buffer-size=#,archive_cleanup_command,0.8255036
max-connections=#,max_wal_senders,0.82549065
innodb-adaptive-hash-index-parts[=#],data_checksums,0.8254672
table-open-cache-instances=#,max_index_keys,0.8254653
table-open-cache=#,max_index_keys,0.8254646
tmp-table-size=#,debug_discard_caches,0.82536125
replica-max-allowed-packet=#,ssl_cert_file,0.82532233
sort-buffer-size=#,restore_command,0.8253163
innodb-old-blocks-time=#,log_parameter_max_length,0.82528025
innodb-adaptive-hash-index-parts[=#],log_min_duration_sample,0.8251805
table-open-cache-instances=#,wal_buffers,0.8251733
binlog-cache-size=#,debug_print_rewritten,0.8251394
tmp-table-size=#,hot_standby_feedback,0.8251097
read-buffer-size=#,max_slot_wal_keep_size,0.8250612
read-buffer-size=#,max_standby_streaming_delay,0.82504267
sort-buffer-size=#,transaction_deferrable,0.8250127
read-buffer-size=#,max_standby_archive_delay,0.8249682
innodb-log-buffer-size=#,promote_trigger_file,0.8249336
innodb-purge-threads[=#],autovacuum_vacuum_threshold,0.8248991
read-buffer-size=#,commit_delay,0.8248576
read-buffer-size=#,event_source,0.82485676
key-buffer-size=#,autovacuum_analyze_scale_factor,0.8248549
innodb-log-file-size=#,wal_recycle,0.8247991
innodb-buffer-pool-size=#,max_standby_streaming_delay,0.8247454
sort-buffer-size=#,max_files_per_process,0.8247451
tmp-table-size=#,temp_file_limit,0.8247336
innodb-io-capacity=#,debug_assertions,0.82471967
innodb-thread-concurrency=#,jit_profiling_support,0.8246999
join-buffer-size=#,wal_keep_size,0.82458866
innodb-log-buffer-size=#,idle_in_transaction_session_timeout,0.82458484
join-buffer-size=#,recovery_end_command,0.82451
innodb-sort-buffer-size=#,work_mem,0.8244542
innodb-sort-buffer-size=#,work_mem,0.8244542
innodb-max-dirty-pages-pct=#,wal_skip_threshold,0.8244425
binlog-cache-size=#,autovacuum_work_mem,0.8244178
innodb-log-buffer-size=#,max_parallel_workers_per_gather,0.8243668
mysqlx-max-connections[=#],temp_buffers,0.8243239
read-rnd-buffer-size=#,log_parameter_max_length,0.8243189
innodb-thread-concurrency=#,logical_decoding_work_mem,0.82430804
bulk-insert-buffer-size=#,default_tablespace,0.8242064
innodb-log-file-size=#,allow_in_place_tablespaces,0.8241981
binlog-cache-size=#,enable_partition_pruning,0.8241137
innodb-thread-concurrency=#,log_executor_stats,0.8241074
myisam-sort-buffer-size=#,max_slot_wal_keep_size,0.8240991
innodb-adaptive-hash-index-parts[=#],default_toast_compression,0.8240857
innodb-io-capacity=#,max_slot_wal_keep_size,0.82405853
innodb-log-file-size=#,ssl_passphrase_command_supports_reload,0.8240509
innodb-old-blocks-time=#,recovery_end_command,0.82404065
innodb-buffer-pool-size=#,logging_collector,0.82404053
join-buffer-size=#,client_min_messages,0.8240237
innodb-read-io-threads=#,log_executor_stats,0.8240199
max-binlog-cache-size=#,maintenance_work_mem,0.8239598
max-allowed-packet=#,synchronous_commit,0.8239455
table-open-cache=#,max_pred_locks_per_page,0.8239424
innodb-write-io-threads=#,ssl_key_file,0.8238604
innodb-write-io-threads=#,wal_skip_threshold,0.82383454
innodb-file-per-table,wal_buffers,0.8238318
table-open-cache=#,autovacuum_work_mem,0.82380116
mysqlx-max-connections[=#],commit_siblings,0.8237659
key-buffer-size=#,wal_sync_method,0.82374275
innodb-thread-concurrency=#,maintenance_work_mem,0.8237181
binlog-cache-size=#,wal_skip_threshold,0.8235759
innodb-file-per-table,autovacuum_vacuum_threshold,0.8235526
innodb-file-per-table,parallel_leader_participation,0.82346034
tmp-table-size=#,wal_sync_method,0.82345843
max-binlog-cache-size=#,wal_block_size,0.8234555
innodb-read-io-threads=#,ssl_passphrase_command_supports_reload,0.8234122
innodb-file-per-table,log_parameter_max_length,0.8234012
innodb-file-per-table,enable_partition_pruning,0.8233912
mysqlx-max-connections[=#],shared_buffers,0.823385
innodb-log-buffer-size=#,wal_skip_threshold,0.8233766
key-buffer-size=#,event_source,0.82331544
innodb-io-capacity=#,archive_cleanup_command,0.8233027
binlog-cache-size=#,server_version_num,0.823285
innodb-io-capacity=#,primary_slot_name,0.8232602
innodb-log-buffer-size=#,default_transaction_read_only,0.8232496
innodb-io-capacity=#,min_dynamic_shared_memory,0.8232455
innodb-adaptive-hash-index-parts[=#],dynamic_shared_memory_type,0.8232455
innodb-write-io-threads=#,fsync,0.82323563
innodb-adaptive-hash-index-parts[=#],wal_block_size,0.823228
max-allowed-packet=#,transaction_isolation,0.8232203
key-buffer-size=#,jit_above_cost,0.8231992
innodb-log-buffer-size=#,wal_segment_size,0.8231263
innodb-file-per-table,server_version_num,0.8231186
key-cache-age-threshold=#,cursor_tuple_fraction,0.8230665
innodb-log-buffer-size=#,default_tablespace,0.82305336
innodb-adaptive-hash-index-parts[=#],wal_segment_size,0.82304204
innodb-write-io-threads=#,remove_temp_files_after_crash,0.8230174
innodb-adaptive-hash-index-parts[=#],max_index_keys,0.8229493
innodb-thread-concurrency=#,jit_dump_bitcode,0.82290673
binlog-cache-size=#,wal_consistency_checking,0.82290196
innodb-old-blocks-time=#,idle_session_timeout,0.8228761
read-buffer-size=#,min_parallel_index_scan_size,0.8227547
innodb-adaptive-hash-index-parts[=#],server_version_num,0.82272017
innodb-log-buffer-size=#,recovery_target_xid,0.8227116
innodb-read-io-threads=#,log_planner_stats,0.8226974
innodb-log-buffer-size=#,vacuum_cost_page_miss,0.82269645
innodb-log-buffer-size=#,ssl_key_file,0.82269454
bulk-insert-buffer-size=#,autovacuum_vacuum_threshold,0.8226876
binlog-cache-size=#,log_planner_stats,0.8226726
max-allowed-packet=#,ssl_cert_file,0.8225374
replica-max-allowed-packet=#,effective_io_concurrency,0.82252204
innodb-read-io-threads=#,track_io_timing,0.82251203
innodb-file-per-table,commit_siblings,0.8224859
innodb-io-capacity=#,client_min_messages,0.8224829
innodb-io-capacity=#,superuser_reserved_connections,0.82246053
key-buffer-size=#,jit_dump_bitcode,0.8224412
max-allowed-packet=#,event_source,0.82243943
innodb-read-io-threads=#,max_files_per_process,0.8224219
innodb-adaptive-hash-index-parts[=#],superuser_reserved_connections,0.82241666
sort-buffer-size=#,temp_tablespaces,0.8223727
join-buffer-size=#,shared_memory_type,0.8222338
read-buffer-size=#,max_parallel_workers_per_gather,0.82219553
innodb-io-capacity=#,effective_io_concurrency,0.8221302
innodb-read-io-threads=#,restart_after_crash,0.82201546
slave-max-allowed-packet=#,syslog_sequence_numbers,0.8219834
innodb-file-per-table,wal_sync_method,0.82194275
binlog-cache-size=#,logical_decoding_work_mem,0.8219097
read-rnd-buffer-size=#,syslog_sequence_numbers,0.82175136
innodb-log-file-size=#,update_process_title,0.8217406
replica-max-allowed-packet=#,ssl_key_file,0.82165694
binlog-cache-size=#,idle_in_transaction_session_timeout,0.82164836
replica-max-allowed-packet=#,synchronous_commit,0.8216181
innodb-read-io-threads=#,wal_keep_size,0.8216071
join-buffer-size=#,recovery_target_lsn,0.82158136
read-buffer-size=#,superuser_reserved_connections,0.8215757
innodb-read-io-threads=#,wal_skip_threshold,0.82147944
innodb-log-buffer-size=#,log_min_duration_statement,0.8214761
join-buffer-size=#,log_min_duration_sample,0.8214401
innodb-thread-concurrency=#,syslog_split_messages,0.8213726
binlog-cache-size=#,enable_incremental_sort,0.8213723
max-allowed-packet=#,transaction_read_only,0.8213717
binlog-cache-size=#,jit_dump_bitcode,0.8213601
binlog-cache-size=#,autovacuum_vacuum_threshold,0.8213161
binlog-cache-size=#,autovacuum_vacuum_scale_factor,0.82130027
binlog-cache-size=#,quote_all_identifiers,0.82128155
key-cache-age-threshold=#,backend_flush_after,0.82127714
key-cache-age-threshold=#,bgwriter_flush_after,0.82127714
key-cache-age-threshold=#,checkpoint_flush_after,0.82127714
tmp-table-size=#,log_temp_files,0.8212259
max-binlog-cache-size=#,default_transaction_read_only,0.821178
innodb-io-capacity=#,autovacuum_work_mem,0.8211581
innodb-file-per-table,hash_mem_multiplier,0.82114685
innodb-log-file-size=#,log_autovacuum_min_duration,0.8211051
tmp-table-size=#,lo_compat_privileges,0.82105064
innodb-log-buffer-size=#,ssl_cert_file,0.8210211
innodb-io-capacity=#,ignore_invalid_pages,0.8209472
read-buffer-size=#,idle_in_transaction_session_timeout,0.8209423
innodb-buffer-pool-size=#,max_wal_senders,0.8208921
innodb-adaptive-hash-index-parts[=#],log_parameter_max_length_on_error,0.8208674
innodb-buffer-pool-size=#,transaction_deferrable,0.8208333
innodb-old-blocks-time=#,syslog_sequence_numbers,0.8207469
innodb-old-blocks-time=#,autovacuum_vacuum_scale_factor,0.820742
innodb-file-per-table,event_source,0.82071143
table-open-cache=#,max_replication_slots,0.8206935
innodb-read-io-threads=#,log_destination,0.82067823
key-buffer-size=#,max_wal_senders,0.82064927
innodb-write-io-threads=#,log_destination,0.8205948
innodb-log-buffer-size=#,listen_addresses,0.82057923
bulk-insert-buffer-size=#,jit_tuple_deforming,0.82055837
bulk-insert-buffer-size=#,max_slot_wal_keep_size,0.82055646
innodb-max-dirty-pages-pct=#,full_page_writes,0.8205352
tmp-table-size=#,min_dynamic_shared_memory,0.82047546
innodb-io-capacity=#,default_table_access_method,0.82045984
innodb-adaptive-hash-index-parts[=#],jit_profiling_support,0.8204355
max-binlog-cache-size=#,shared_memory_type,0.82035923
binlog-cache-size=#,recovery_end_command,0.820333
max-binlog-cache-size=#,idle_session_timeout,0.82030904
innodb-log-buffer-size=#,idle_session_timeout,0.8202772
replica-max-allowed-packet=#,idle_in_transaction_session_timeout,0.82025385
innodb-buffer-pool-size=#,syslog_split_messages,0.8202262
innodb-log-file-size=#,wal_sync_method,0.8201931
innodb-io-capacity=#,temp_buffers,0.820179
innodb-thread-concurrency=#,recovery_target_name,0.82015514
innodb-write-io-threads=#,jit_above_cost,0.8201248
innodb-buffer-pool-size=#,default_tablespace,0.8201183
binlog-cache-size=#,wal_sync_method,0.82011604
innodb-buffer-pool-size=#,min_dynamic_shared_memory,0.8200965
innodb-thread-concurrency=#,default_tablespace,0.8200866
innodb-log-file-size=#,lo_compat_privileges,0.820062
innodb-write-io-threads=#,lo_compat_privileges,0.82003534
read-buffer-size=#,recovery_target_lsn,0.8200331
tmp-table-size=#,syslog_split_messages,0.82001424
innodb-thread-concurrency=#,commit_delay,0.8200022
innodb-io-capacity=#,remove_temp_files_after_crash,0.819992
innodb-read-io-threads=#,ssl_key_file,0.81997836
binlog-cache-size=#,log_parameter_max_length_on_error,0.8199686
slave-max-allowed-packet=#,archive_mode,0.8199383
innodb-thread-concurrency=#,trace_recovery_messages,0.81988704
innodb-io-capacity=#,recovery_target_lsn,0.81986916
mysqlx-max-connections[=#],max_slot_wal_keep_size,0.8198145
key-buffer-size=#,archive_command,0.8198005
tmp-table-size=#,syslog_facility,0.81977403
innodb-read-io-threads=#,hash_mem_multiplier,0.8197432
key-buffer-size=#,autovacuum_freeze_max_age,0.8196167
max-binlog-cache-size=#,superuser_reserved_connections,0.81961215
table-open-cache=#,debug_print_parse,0.819605
read-rnd-buffer-size=#,syslog_split_messages,0.8195621
sort-buffer-size=#,max_slot_wal_keep_size,0.81954634
innodb-old-blocks-time=#,temp_file_limit,0.81954277
key-buffer-size=#,hash_mem_multiplier,0.8195306
table-open-cache=#,commit_siblings,0.81950366
innodb-io-capacity-max=#,track_activity_query_size,0.8194596
innodb-file-per-table,max_slot_wal_keep_size,0.81944937
innodb-old-blocks-time=#,shared_buffers,0.8194485
innodb-thread-concurrency=#,dynamic_shared_memory_type,0.8194106
binlog-cache-size=#,archive_command,0.81940126
table-open-cache=#,autovacuum_vacuum_threshold,0.8193629
bulk-insert-buffer-size=#,allow_in_place_tablespaces,0.81934154
innodb-io-capacity=#,promote_trigger_file,0.819324
key-buffer-size=#,backend_flush_after,0.8193192
key-buffer-size=#,bgwriter_flush_after,0.8193192
key-buffer-size=#,checkpoint_flush_after,0.8193192
myisam-sort-buffer-size=#,data_checksums,0.81928074
table-open-cache=#,max_pred_locks_per_relation,0.81923497
innodb-log-file-size=#,max_files_per_process,0.819208
innodb-thread-concurrency=#,client_encoding,0.8192026
binlog-cache-size=#,recovery_init_sync_method,0.81916654
tmp-table-size=#,vacuum_cost_page_hit,0.8191358
key-buffer-size=#,autovacuum_vacuum_threshold,0.8191293
binlog-cache-size=#,constraint_exclusion,0.8190911
read-buffer-size=#,primary_slot_name,0.81904674
myisam-sort-buffer-size=#,autovacuum_multixact_freeze_max_age,0.8190023
myisam-sort-buffer-size=#,wal_init_zero,0.81898314
innodb-max-dirty-pages-pct=#,ignore_system_indexes,0.81894964
bulk-insert-buffer-size=#,dynamic_shared_memory_type,0.8189479
innodb-log-file-size=#,log_file_mode,0.81894326
innodb-sort-buffer-size=#,shared_memory_type,0.8189301
innodb-sort-buffer-size=#,shared_memory_type,0.8189301
myisam-sort-buffer-size=#,promote_trigger_file,0.81892186
innodb-read-io-threads=#,fsync,0.81888324
innodb-file-per-table,recovery_end_command,0.8187336
max-binlog-cache-size=#,recovery_target_lsn,0.81866604
key-buffer-size=#,restore_command,0.81866336
innodb-write-io-threads=#,commit_siblings,0.8186004
innodb-log-buffer-size=#,transaction_isolation,0.8185523
tmp-table-size=#,max_slot_wal_keep_size,0.8185427
innodb-log-buffer-size=#,fsync,0.8185259
innodb-file-per-table,log_hostname,0.81851906
innodb-thread-concurrency=#,shared_memory_type,0.81850684
innodb-buffer-pool-size=#,idle_in_transaction_session_timeout,0.8184923
join-buffer-size=#,default_transaction_isolation,0.818477
innodb-log-file-size=#,restore_command,0.818473
innodb-log-file-size=#,archive_command,0.8184577
innodb-buffer-pool-size=#,log_min_duration_sample,0.8184282
join-buffer-size=#,superuser_reserved_connections,0.8184214
innodb-max-dirty-pages-pct=#,max_sync_workers_per_subscription,0.8183906
innodb-write-io-threads=#,ssl_cert_file,0.8183569
replica-max-allowed-packet=#,default_transaction_isolation,0.8183296
binlog-cache-size=#,jit_tuple_deforming,0.8183259
mysqlx-max-connections[=#],log_parameter_max_length,0.81830895
read-buffer-size=#,log_truncate_on_rotation,0.81824315
innodb-io-capacity=#,session_replication_role,0.8182352
table-open-cache-instances=#,work_mem,0.81821203
join-buffer-size=#,max_connections,0.8182118
innodb-read-io-threads=#,commit_siblings,0.81820035
tmp-table-size=#,wal_receiver_create_temp_slot,0.8181783
innodb-old-blocks-time=#,promote_trigger_file,0.81817436
read-buffer-size=#,max_parallel_maintenance_workers,0.8181528
innodb-old-blocks-time=#,wal_init_zero,0.81815016
sort-buffer-size=#,geqo_effort,0.81814516
read-rnd-buffer-size=#,vacuum_cost_page_hit,0.8181263
innodb-file-per-table,archive_timeout,0.81811464
innodb-read-io-threads=#,ssl_cert_file,0.8181
innodb-write-io-threads=#,hash_mem_multiplier,0.8180702
innodb-log-buffer-size=#,default_transaction_isolation,0.8180655
mysqlx-max-connections[=#],max_parallel_workers,0.81800324
table-open-cache=#,superuser_reserved_connections,0.81793106
table-open-cache=#,debug_print_rewritten,0.8178935
innodb-buffer-pool-size=#,backend_flush_after,0.8177337
innodb-buffer-pool-size=#,bgwriter_flush_after,0.8177337
innodb-buffer-pool-size=#,checkpoint_flush_after,0.8177337
innodb-thread-concurrency=#,max_parallel_workers,0.81771445
slave-max-allowed-packet=#,hash_mem_multiplier,0.8176092
max-connections=#,max_files_per_process,0.8175999
innodb-io-capacity=#,wal_init_zero,0.81751764
innodb-thread-concurrency=#,log_min_duration_sample,0.8175101
binlog-cache-size=#,wal_keep_size,0.81746846
key-buffer-size=#,server_encoding,0.81742716
innodb-online-alter-log-max-size=#,log_truncate_on_rotation,0.8174182
tmp-table-size=#,log_parameter_max_length_on_error,0.81735003
sort-buffer-size=#,debug_print_rewritten,0.81730014
innodb-log-file-size=#,local_preload_libraries,0.81728315
binlog-cache-size=#,debug_print_parse,0.8172749
key-buffer-size=#,shared_memory_type,0.81726265
innodb-file-per-table,ssl_prefer_server_ciphers,0.81721497
key-buffer-size=#,autovacuum_vacuum_scale_factor,0.81717235
innodb-log-buffer-size=#,log_parameter_max_length,0.8171618
key-buffer-size=#,commit_delay,0.81710696
binlog-cache-size=#,commit_siblings,0.81707466
bulk-insert-buffer-size=#,commit_siblings,0.8170644
innodb-io-capacity=#,fsync,0.8170581
innodb-old-blocks-time=#,log_autovacuum_min_duration,0.8170459
bulk-insert-buffer-size=#,track_activity_query_size,0.81704044
innodb-old-blocks-time=#,max_standby_archive_delay,0.8169998
innodb-log-file-size=#,promote_trigger_file,0.81697917
myisam-sort-buffer-size=#,max_standby_archive_delay,0.8169658
table-open-cache=#,track_activity_query_size,0.81696296
sort-buffer-size=#,max_standby_streaming_delay,0.8169568
bulk-insert-buffer-size=#,jit_dump_bitcode,0.8169073
max-allowed-packet=#,log_hostname,0.81690454
innodb-thread-concurrency=#,track_activity_query_size,0.8168843
innodb-file-per-table,debug_print_parse,0.8168777
innodb-thread-concurrency=#,primary_slot_name,0.8168336
join-buffer-size=#,lc_messages,0.81683165
innodb-file-per-table,max_standby_archive_delay,0.8168118
innodb-io-capacity=#,default_transaction_deferrable,0.8168025
innodb-file-per-table,server_encoding,0.8167661
innodb-log-file-size=#,ignore_invalid_pages,0.8166498
max-allowed-packet=#,effective_io_concurrency,0.81659395
innodb-adaptive-hash-index-parts[=#],event_source,0.8165841
innodb-buffer-pool-size=#,data_directory_mode,0.8165386
read-buffer-size=#,wal_receiver_timeout,0.8165173
innodb-log-buffer-size=#,cluster_name,0.8165084
read-buffer-size=#,archive_cleanup_command,0.81644887
binlog-cache-size=#,restore_command,0.8164331
replica-max-allowed-packet=#,wal_keep_size,0.8164114
max-binlog-cache-size=#,log_min_duration_statement,0.8164055
max-connections=#,max_parallel_maintenance_workers,0.81638944
key-buffer-size=#,jit_profiling_support,0.81638765
innodb-log-buffer-size=#,wal_init_zero,0.8163556
join-buffer-size=#,archive_command,0.8163489
binlog-cache-size=#,syslog_facility,0.8162788
innodb-adaptive-hash-index-parts[=#],archive_command,0.81626225
innodb-thread-concurrency=#,default_transaction_isolation,0.8162538
innodb-thread-concurrency=#,client_connection_check_interval,0.81614864
join-buffer-size=#,segment_size,0.8161472
bulk-insert-buffer-size=#,effective_io_concurrency,0.816121
max-binlog-cache-size=#,random_page_cost,0.81611466
innodb-old-blocks-time=#,primary_slot_name,0.81609327
myisam-sort-buffer-size=#,autovacuum_vacuum_threshold,0.81603223
table-open-cache=#,autovacuum_max_workers,0.8160033
table-open-cache=#,max_slot_wal_keep_size,0.81599367
innodb-buffer-pool-size=#,log_parser_stats,0.81599283
innodb-thread-concurrency=#,local_preload_libraries,0.8159458
myisam-sort-buffer-size=#,event_source,0.8159089
replica-max-allowed-packet=#,max_parallel_workers_per_gather,0.8158883
read-rnd-buffer-size=#,vacuum_cost_page_miss,0.81587833
innodb-log-buffer-size=#,debug_print_rewritten,0.8158626
myisam-sort-buffer-size=#,default_table_access_method,0.81582546
read-buffer-size=#,maintenance_work_mem,0.815804
innodb-max-dirty-pages-pct-lwm=#,wal_writer_flush_after,0.8157984
binlog-cache-size=#,parallel_setup_cost,0.81578404
innodb-write-io-threads=#,autovacuum_vacuum_threshold,0.8157781
innodb-write-io-threads=#,max_files_per_process,0.8157734
binlog-cache-size=#,log_transaction_sample_rate,0.81575763
innodb-thread-concurrency=#,hash_mem_multiplier,0.8157512
bulk-insert-buffer-size=#,autovacuum_freeze_max_age,0.8157123
innodb-old-blocks-time=#,max_standby_streaming_delay,0.81567454
innodb-old-blocks-time=#,wal_receiver_create_temp_slot,0.8156676
innodb-write-io-threads=#,debug_discard_caches,0.81565464
join-buffer-size=#,effective_io_concurrency,0.81562823
bulk-insert-buffer-size=#,recovery_target_lsn,0.8156271
read-rnd-buffer-size=#,temp_tablespaces,0.81561446
innodb-buffer-pool-size=#,jit_dump_bitcode,0.815612
table-open-cache-instances=#,max_connections,0.81560934
innodb-max-dirty-pages-pct=#,bgwriter_lru_maxpages,0.8155947
key-buffer-size=#,default_transaction_read_only,0.81557655
innodb-file-per-table,join_collapse_limit,0.815556
binlog-cache-size=#,ssl_passphrase_command_supports_reload,0.8155454
innodb-read-io-threads=#,autovacuum_vacuum_threshold,0.8155446
tmp-table-size=#,temp_tablespaces,0.8154841
replica-max-allowed-packet=#,logical_decoding_work_mem,0.8154805
bulk-insert-buffer-size=#,shared_memory_type,0.8154314
innodb-io-capacity-max=#,autovacuum_freeze_max_age,0.81542885
sort-buffer-size=#,syslog_ident,0.8153548
binlog-cache-size=#,log_min_duration_statement,0.81526756
key-buffer-size=#,dynamic_shared_memory_type,0.8152509
sort-buffer-size=#,archive_cleanup_command,0.8152231
max-binlog-cache-size=#,unix_socket_group,0.81520426
innodb-buffer-pool-size=#,unix_socket_permissions,0.81517947
bulk-insert-buffer-size=#,default_table_access_method,0.815161
max-binlog-cache-size=#,max_slot_wal_keep_size,0.8151338
binlog-cache-size=#,log_temp_files,0.8151282
innodb-thread-concurrency=#,ssl_prefer_server_ciphers,0.8151196
innodb-io-capacity=#,temp_file_limit,0.81511545
mysqlx-max-allowed-packet[=#],application_name,0.8150972
sort-buffer-size=#,max_pred_locks_per_transaction,0.8150556
slave-max-allowed-packet=#,log_parameter_max_length,0.8150306
read-buffer-size=#,idle_session_timeout,0.81501985
table-open-cache=#,temp_file_limit,0.8150178
myisam-sort-buffer-size=#,xmloption,0.8149873
innodb-old-blocks-time=#,superuser_reserved_connections,0.8149873
innodb-file-per-table,log_parser_stats,0.8149823
binlog-cache-size=#,log_truncate_on_rotation,0.8147605
join-buffer-size=#,log_min_duration_statement,0.81473255
innodb-sort-buffer-size=#,shared_buffers,0.81465405
innodb-sort-buffer-size=#,shared_buffers,0.81465405
key-buffer-size=#,autovacuum_max_workers,0.8146304
innodb-adaptive-hash-index-parts[=#],debug_print_parse,0.8146165
innodb-adaptive-hash-index-parts[=#],default_transaction_read_only,0.81460404
innodb-log-file-size=#,max_slot_wal_keep_size,0.8145852
innodb-write-io-threads=#,jit_optimize_above_cost,0.81454885
innodb-log-buffer-size=#,max_replication_slots,0.81450844
innodb-file-per-table,max_standby_streaming_delay,0.8145007
innodb-old-blocks-time=#,idle_in_transaction_session_timeout,0.8144826
innodb-log-buffer-size=#,ssl_crl_file,0.814479
binlog-cache-size=#,jit_expressions,0.8143958
innodb-thread-concurrency=#,checkpoint_warning,0.8143569
innodb-io-capacity=#,log_statement_stats,0.81435055
innodb-old-blocks-time=#,default_transaction_read_only,0.81435
tmp-table-size=#,log_parameter_max_length,0.81434536
innodb-adaptive-hash-index-parts[=#],geqo_effort,0.81433916
bulk-insert-buffer-size=#,min_parallel_table_scan_size,0.8142842
innodb-buffer-pool-size=#,min_parallel_index_scan_size,0.8142674
innodb-write-io-threads=#,backend_flush_after,0.8142557
innodb-write-io-threads=#,bgwriter_flush_after,0.8142557
innodb-write-io-threads=#,checkpoint_flush_after,0.8142557
myisam-sort-buffer-size=#,work_mem,0.81421596
innodb-adaptive-hash-index-parts[=#],log_parser_stats,0.8141856
innodb-log-buffer-size=#,max_parallel_workers,0.814159
tmp-table-size=#,log_autovacuum_min_duration,0.8141428
tmp-table-size=#,backend_flush_after,0.8141368
tmp-table-size=#,bgwriter_flush_after,0.8141368
tmp-table-size=#,checkpoint_flush_after,0.8141368
innodb-sort-buffer-size=#,min_dynamic_shared_memory,0.81413317
innodb-sort-buffer-size=#,min_dynamic_shared_memory,0.81413317
max-connections=#,autovacuum_max_workers,0.81409335
join-buffer-size=#,archive_cleanup_command,0.81409335
innodb-adaptive-hash-index-parts[=#],autovacuum_freeze_max_age,0.81408495
binlog-cache-size=#,backtrace_functions,0.8140466
read-buffer-size=#,max_pred_locks_per_transaction,0.8140125
innodb-thread-concurrency=#,transaction_read_only,0.814008
innodb-flush-neighbors[=#],temp_buffers,0.8139882
sort-buffer-size=#,unix_socket_group,0.81398594
innodb-sort-buffer-size=#,temp_buffers,0.8139423
innodb-sort-buffer-size=#,temp_buffers,0.8139423
sort-buffer-size=#,max_standby_archive_delay,0.8139211
binlog-cache-size=#,syslog_split_messages,0.8138354
myisam-sort-buffer-size=#,syslog_sequence_numbers,0.8138253
mysqlx-max-connections[=#],wal_receiver_timeout,0.813794
binlog-cache-size=#,syslog_ident,0.81378824
innodb-purge-threads[=#],superuser_reserved_connections,0.8137847
innodb-old-blocks-time=#,vacuum_cost_page_miss,0.8137721
replica-max-allowed-packet=#,work_mem,0.8137713
read-buffer-size=#,log_min_duration_statement,0.8137074
innodb-read-io-threads=#,autovacuum_work_mem,0.81369054
innodb-adaptive-hash-index-parts[=#],log_autovacuum_min_duration,0.8136877
table-open-cache=#,wal_block_size,0.8136723
innodb-adaptive-hash-index-parts[=#],jit_inline_above_cost,0.8136434
innodb-log-buffer-size=#,max_parallel_maintenance_workers,0.81352925
innodb-buffer-pool-size=#,jit_optimize_above_cost,0.81348604
innodb-log-buffer-size=#,min_dynamic_shared_memory,0.8134787
innodb-buffer-pool-size=#,synchronous_commit,0.8134309
replica-max-allowed-packet=#,port,0.8134187
bulk-insert-buffer-size=#,autovacuum_work_mem,0.8133398
innodb-log-buffer-size=#,autovacuum_vacuum_threshold,0.8133209
innodb-buffer-pool-size=#,block_size,0.8133095
innodb-adaptive-hash-index-parts[=#],jit_optimize_above_cost,0.81330025
bulk-insert-buffer-size=#,autovacuum_vacuum_scale_factor,0.81328917
replica-max-allowed-packet=#,idle_session_timeout,0.8132888
key-buffer-size=#,log_rotation_size,0.8132654
sort-buffer-size=#,unix_socket_permissions,0.81316066
innodb-buffer-pool-size=#,debug_print_parse,0.8131432
innodb-file-per-table,default_transaction_read_only,0.8131386
innodb-flush-neighbors[=#],wal_buffers,0.8130995
innodb-log-buffer-size=#,data_checksums,0.8130455
bulk-insert-buffer-size=#,temp_buffers,0.81295276
innodb-io-capacity=#,syslog_sequence_numbers,0.8129029
innodb-io-capacity=#,autovacuum_freeze_max_age,0.8128973
sort-buffer-size=#,enable_partition_pruning,0.8128861
innodb-io-capacity=#,recovery_end_command,0.81288296
innodb-buffer-pool-size=#,data_checksums,0.8128135
key-cache-age-threshold=#,max_wal_senders,0.81279993
innodb-io-capacity=#,hot_standby,0.81279457
binlog-cache-size=#,idle_session_timeout,0.81277424
innodb-log-buffer-size=#,log_line_prefix,0.81271076
key-buffer-size=#,recovery_init_sync_method,0.8127077
innodb-online-alter-log-max-size=#,wal_skip_threshold,0.81268835
innodb-adaptive-hash-index-parts[=#],temp_file_limit,0.8126395
innodb-log-buffer-size=#,ssl_crl_dir,0.81263566
innodb-log-file-size=#,jit_profiling_support,0.8126307
innodb-adaptive-hash-index-parts[=#],max_pred_locks_per_transaction,0.8126044
mysqlx-max-connections[=#],wal_buffers,0.81259674
max-binlog-cache-size=#,dynamic_shared_memory_type,0.8125258
innodb-old-blocks-time=#,client_connection_check_interval,0.8125025
innodb-buffer-pool-size=#,log_timezone,0.8124993
innodb-adaptive-hash-index-parts[=#],log_hostname,0.81247973
innodb-old-blocks-time=#,wal_log_hints,0.81247294
max-allowed-packet=#,transaction_deferrable,0.8124722
max-binlog-cache-size=#,debug_print_parse,0.8124714
binlog-cache-size=#,enable_parallel_hash,0.8124692
innodb-old-blocks-time=#,log_temp_files,0.81240904
innodb-file-per-table,archive_cleanup_command,0.81233746
key-buffer-size=#,idle_in_transaction_session_timeout,0.8123129
innodb-old-blocks-time=#,autovacuum_work_mem,0.8123096
innodb-max-dirty-pages-pct=#,autovacuum_vacuum_threshold,0.8123071
max-binlog-cache-size=#,effective_io_concurrency,0.8122909
read-buffer-size=#,recovery_end_command,0.81228626
join-buffer-size=#,max_replication_slots,0.8122743
innodb-read-io-threads=#,remove_temp_files_after_crash,0.8122686
read-buffer-size=#,log_parameter_max_length_on_error,0.8122669
innodb-log-file-size=#,ssl_crl_dir,0.8122417
table-open-cache-instances=#,max_function_args,0.81222606
tmp-table-size=#,max_files_per_process,0.8122062
tmp-table-size=#,superuser_reserved_connections,0.81219876
myisam-sort-buffer-size=#,archive_timeout,0.8121785
read-buffer-size=#,log_temp_files,0.81216276
innodb-log-file-size=#,logging_collector,0.8120872
replica-max-allowed-packet=#,client_encoding,0.81207824
read-buffer-size=#,default_transaction_read_only,0.81204367
innodb-flush-neighbors[=#],syslog_sequence_numbers,0.81203187
innodb-read-io-threads=#,dynamic_shared_memory_type,0.8120019
join-buffer-size=#,geqo_effort,0.8119949
read-buffer-size=#,wal_receiver_create_temp_slot,0.8119887
innodb-read-io-threads=#,backend_flush_after,0.811983
innodb-read-io-threads=#,bgwriter_flush_after,0.811983
innodb-read-io-threads=#,checkpoint_flush_after,0.811983
max-binlog-cache-size=#,block_size,0.8119726
read-rnd-buffer-size=#,log_truncate_on_rotation,0.81196356
innodb-file-per-table,wal_block_size,0.81196284
read-buffer-size=#,vacuum_cost_page_miss,0.81196046
mysqlx-max-connections[=#],hash_mem_multiplier,0.8119361
innodb-buffer-pool-size=#,transaction_isolation,0.81192875
myisam-sort-buffer-size=#,log_truncate_on_rotation,0.81192493
join-buffer-size=#,cursor_tuple_fraction,0.8118913
innodb-thread-concurrency=#,temp_tablespaces,0.81187356
read-rnd-buffer-size=#,log_parameter_max_length_on_error,0.81180114
innodb-adaptive-hash-index-parts[=#],log_rotation_size,0.8117964
key-buffer-size=#,cursor_tuple_fraction,0.81179553
binlog-cache-size=#,allow_system_table_mods,0.81175005
myisam-sort-buffer-size=#,wal_receiver_create_temp_slot,0.8117384
myisam-sort-buffer-size=#,wal_log_hints,0.8116882
max-binlog-cache-size=#,autovacuum_max_workers,0.8116767
innodb-buffer-pool-size=#,default_transaction_isolation,0.8116488
table-open-cache-instances=#,max_files_per_process,0.8116396
tmp-table-size=#,autovacuum_vacuum_threshold,0.81155765
innodb-log-buffer-size=#,debug_print_parse,0.81150544
innodb-write-io-threads=#,log_statement_stats,0.8114896
read-buffer-size=#,archive_command,0.8114859
mysqlx-max-connections[=#],geqo_effort,0.8114836
innodb-purge-threads[=#],temp_buffers,0.8114822
binlog-cache-size=#,max_standby_archive_delay,0.811476
key-cache-age-threshold=#,max_slot_wal_keep_size,0.81134915
myisam-sort-buffer-size=#,autovacuum_analyze_scale_factor,0.8113388
join-buffer-size=#,effective_cache_size,0.8113134
replica-max-allowed-packet=#,log_min_duration_statement,0.8112966
join-buffer-size=#,log_timezone,0.81128526
innodb-adaptive-hash-index-parts[=#],default_text_search_config,0.8112582
table-open-cache-instances=#,max_worker_processes,0.8112092
innodb-adaptive-hash-index-parts[=#],promote_trigger_file,0.81117344
max-binlog-cache-size=#,wal_segment_size,0.81113994
read-rnd-buffer-size=#,join_collapse_limit,0.81112146
read-buffer-size=#,log_parameter_max_length,0.8111104
mysqlx-max-allowed-packet[=#],log_error_verbosity,0.8111054
sort-buffer-size=#,jit_above_cost,0.81108725
innodb-read-io-threads=#,log_hostname,0.81108713
tmp-table-size=#,archive_cleanup_command,0.8110287
binlog-cache-size=#,max_files_per_process,0.81102264
mysqlx-max-connections[=#],max_files_per_process,0.81099385
binlog-cache-size=#,server_encoding,0.8109793
sort-buffer-size=#,wal_block_size,0.81097823
sort-buffer-size=#,max_parallel_workers_per_gather,0.81096447
innodb-buffer-pool-size=#,debug_discard_caches,0.81092954
innodb-adaptive-hash-index-parts[=#],max_sync_workers_per_subscription,0.8108847
replica-max-allowed-packet=#,lc_messages,0.81088465
innodb-file-per-table,wal_log_hints,0.81087327
read-buffer-size=#,autovacuum_vacuum_threshold,0.8108633
innodb-adaptive-hash-index-parts[=#],enable_partition_pruning,0.81082374
innodb-buffer-pool-size=#,log_temp_files,0.810815
innodb-thread-concurrency=#,log_destination,0.81079745
innodb-write-io-threads=#,log_hostname,0.8107903
mysqlx-max-allowed-packet[=#],lc_messages,0.8107703
innodb-read-io-threads=#,log_autovacuum_min_duration,0.81075966
read-buffer-size=#,wal_block_size,0.8107159
innodb-adaptive-hash-index,track_activity_query_size,0.8107022
mysqlx-max-connections[=#],work_mem,0.8106871
innodb-log-buffer-size=#,unix_socket_group,0.8106696
innodb-log-buffer-size=#,track_activity_query_size,0.8106679
max-binlog-cache-size=#,seq_page_cost,0.81066567
innodb-log-buffer-size=#,lc_messages,0.8106301
key-buffer-size=#,enable_partition_pruning,0.8106215
binlog-cache-size=#,enable_hashjoin,0.81059784
table-open-cache-instances=#,max_wal_senders,0.8105934
bulk-insert-buffer-size=#,wal_skip_threshold,0.81058925
join-buffer-size=#,max_parallel_workers_per_gather,0.8105873
read-buffer-size=#,vacuum_cost_page_hit,0.8105849
key-buffer-size=#,syslog_ident,0.8105788
mysqlx-max-connections[=#],autovacuum_vacuum_threshold,0.8105739
read-rnd-buffer-size=#,from_collapse_limit,0.81051314
key-buffer-size=#,bgwriter_lru_multiplier,0.8104811
mysqlx-max-allowed-packet[=#],max_wal_senders,0.81046987
innodb-io-capacity-max=#,log_min_duration_statement,0.81043637
innodb-log-file-size=#,ssl_crl_file,0.8104146
innodb-adaptive-hash-index-parts[=#],restore_command,0.81040895
key-cache-age-threshold=#,log_min_duration_sample,0.81037873
innodb-log-buffer-size=#,client_encoding,0.8103692
innodb-adaptive-hash-index-parts[=#],client_encoding,0.8103329
innodb-adaptive-hash-index-parts[=#],syslog_split_messages,0.8103255
innodb-max-dirty-pages-pct=#,max_slot_wal_keep_size,0.81030977
innodb-old-blocks-time=#,checkpoint_completion_target,0.81022656
max-binlog-cache-size=#,unix_socket_permissions,0.8102037
read-buffer-size=#,log_line_prefix,0.8102032
innodb-thread-concurrency=#,max_replication_slots,0.8101696
join-buffer-size=#,log_transaction_sample_rate,0.8101244
join-buffer-size=#,transaction_isolation,0.8101168
myisam-sort-buffer-size=#,backend_flush_after,0.81010157
myisam-sort-buffer-size=#,bgwriter_flush_after,0.81010157
myisam-sort-buffer-size=#,checkpoint_flush_after,0.81010157
key-cache-age-threshold=#,autovacuum_vacuum_scale_factor,0.8100788
key-buffer-size=#,bytea_output,0.8100617
key-buffer-size=#,allow_in_place_tablespaces,0.81004083
sort-buffer-size=#,dynamic_shared_memory_type,0.8100389
tmp-table-size=#,wal_keep_size,0.80999875
innodb-log-buffer-size=#,autovacuum_max_workers,0.8099948
innodb-thread-concurrency=#,default_toast_compression,0.80998874
binlog-cache-size=#,cursor_tuple_fraction,0.80996346
table-open-cache=#,wal_keep_size,0.8099263
innodb-log-buffer-size=#,session_replication_role,0.8099165
innodb-adaptive-hash-index-parts[=#],enable_hashjoin,0.80990696
sort-buffer-size=#,data_checksums,0.8098879
key-buffer-size=#,log_min_duration_statement,0.8098606
innodb-buffer-pool-size=#,idle_session_timeout,0.80982924
mysqlx-max-connections[=#],log_parameter_max_length_on_error,0.80981696
innodb-write-io-threads=#,dynamic_shared_memory_type,0.8098125
sort-buffer-size=#,promote_trigger_file,0.80978245
innodb-log-buffer-size=#,server_encoding,0.8097372
max-binlog-cache-size=#,transaction_read_only,0.8097336
innodb-read-io-threads=#,default_transaction_read_only,0.8097108
innodb-buffer-pool-size=#,debug_print_rewritten,0.80969673
myisam-sort-buffer-size=#,idle_session_timeout,0.809693
binlog-cache-size=#,track_activity_query_size,0.80967546
innodb-buffer-pool-size=#,listen_addresses,0.80965793
binlog-cache-size=#,max_standby_streaming_delay,0.8096204
join-buffer-size=#,jit_inline_above_cost,0.80959463
key-buffer-size=#,max_standby_archive_delay,0.8095809
sort-buffer-size=#,jit_inline_above_cost,0.809565
innodb-read-io-threads=#,jit_above_cost,0.809543
innodb-old-blocks-time=#,max_wal_senders,0.80953795
tmp-table-size=#,fsync,0.8095047
innodb-buffer-pool-size=#,client_min_messages,0.8094559
tmp-table-size=#,recovery_end_command,0.8093908
join-buffer-size=#,track_activity_query_size,0.80938685
innodb-log-buffer-size=#,syslog_facility,0.8093473
innodb-thread-concurrency=#,log_file_mode,0.8092984
myisam-sort-buffer-size=#,idle_in_transaction_session_timeout,0.80928355
innodb-old-blocks-time=#,wal_block_size,0.8092723
tmp-table-size=#,default_tablespace,0.80926883
innodb-thread-concurrency=#,jit_tuple_deforming,0.80924475
binlog-cache-size=#,temp_file_limit,0.80917287
innodb-io-capacity-max=#,max_slot_wal_keep_size,0.80912745
binlog-cache-size=#,default_transaction_read_only,0.80912614
innodb-sort-buffer-size=#,maintenance_work_mem,0.80905247
innodb-sort-buffer-size=#,maintenance_work_mem,0.80905247
innodb-read-io-threads=#,log_statement_stats,0.8090366
innodb-adaptive-hash-index-parts[=#],data_directory_mode,0.80901825
innodb-buffer-pool-size=#,lc_messages,0.80899596
mysqlx-max-connections[=#],autovacuum_max_workers,0.80891144
join-buffer-size=#,max_function_args,0.8088846
innodb-write-io-threads=#,syslog_sequence_numbers,0.80885375
innodb-read-io-threads=#,wal_buffers,0.8088381
innodb-thread-concurrency=#,recovery_target_xid,0.8088254
max-binlog-cache-size=#,recovery_target_xid,0.8088213
innodb-read-io-threads=#,track_commit_timestamp,0.8087452
innodb-log-buffer-size=#,log_parameter_max_length_on_error,0.8087157
max-allowed-packet=#,ssl_passphrase_command_supports_reload,0.80871284
max-binlog-cache-size=#,bytea_output,0.808698
read-buffer-size=#,temp_tablespaces,0.8086604
join-buffer-size=#,server_encoding,0.8086597
innodb-log-buffer-size=#,log_min_messages,0.80865645
read-buffer-size=#,restore_command,0.8086015
sort-buffer-size=#,wal_receiver_create_temp_slot,0.80856854
sort-buffer-size=#,syslog_split_messages,0.80855834
sort-buffer-size=#,join_collapse_limit,0.80854726
read-rnd-buffer-size=#,temp_buffers,0.80852634
table-open-cache-instances=#,wal_segment_size,0.80846894
innodb-thread-concurrency=#,wal_consistency_checking,0.8084333
innodb-buffer-pool-size=#,xmlbinary,0.8084309
read-rnd-buffer-size=#,logical_decoding_work_mem,0.80839074
key-buffer-size=#,hot_standby_feedback,0.80825424
innodb-old-blocks-time=#,logical_decoding_work_mem,0.8082128
innodb-log-file-size=#,hot_standby_feedback,0.8081989
replica-max-allowed-packet=#,tcp_keepalives_count,0.8081791
read-buffer-size=#,default_transaction_isolation,0.8081604
table-open-cache=#,data_directory_mode,0.80813825
innodb-adaptive-hash-index-parts[=#],wal_sync_method,0.8081233
bulk-insert-buffer-size=#,array_nulls,0.8081201
binlog-cache-size=#,default_toast_compression,0.8081189
read-rnd-buffer-size=#,data_checksums,0.8081125
innodb-io-capacity=#,default_statistics_target,0.808066
innodb-buffer-pool-size=#,wal_sync_method,0.8080622
innodb-write-io-threads=#,maintenance_io_concurrency,0.8080464
bulk-insert-buffer-size=#,log_autovacuum_min_duration,0.8080102
innodb-buffer-pool-size=#,log_line_prefix,0.807987
max-allowed-packet=#,syslog_split_messages,0.8079845
innodb-io-capacity-max=#,tcp_keepalives_count,0.8079754
read-buffer-size=#,log_autovacuum_min_duration,0.8079715
innodb-io-capacity=#,tcp_keepalives_count,0.8079616
myisam-sort-buffer-size=#,wal_buffers,0.8079437
key-buffer-size=#,max_parallel_workers,0.8079376
max-binlog-cache-size=#,vacuum_cost_page_hit,0.80790764
sort-buffer-size=#,from_collapse_limit,0.80789995
innodb-read-io-threads=#,port,0.8078722
innodb-log-file-size=#,recovery_init_sync_method,0.8078623
table-open-cache=#,max_parallel_workers,0.8078494
innodb-io-capacity=#,listen_addresses,0.8077961
binlog-cache-size=#,random_page_cost,0.80774534
sort-buffer-size=#,idle_in_transaction_session_timeout,0.80766875
sort-buffer-size=#,jit_optimize_above_cost,0.8076625
binlog-cache-size=#,temp_buffers,0.80763006
innodb-io-capacity=#,logging_collector,0.8076145
innodb-buffer-pool-size=#,max_replication_slots,0.8076083
myisam-sort-buffer-size=#,track_activity_query_size,0.80759364
join-buffer-size=#,log_statement,0.80752623
join-buffer-size=#,log_temp_files,0.8074881
innodb-old-blocks-time=#,event_source,0.8074771
mysqlx-max-connections[=#],data_checksums,0.8074725
sort-buffer-size=#,recovery_target_lsn,0.807471
read-buffer-size=#,enable_partition_pruning,0.80746394
replica-max-allowed-packet=#,authentication_timeout,0.8074578
binlog-cache-size=#,backend_flush_after,0.8074565
binlog-cache-size=#,bgwriter_flush_after,0.8074565
binlog-cache-size=#,checkpoint_flush_after,0.8074565
innodb-log-buffer-size=#,hot_standby_feedback,0.80745506
binlog-cache-size=#,default_transaction_isolation,0.80738056
innodb-thread-concurrency=#,wal_receiver_timeout,0.8073771
innodb-log-buffer-size=#,transaction_read_only,0.8073769
innodb-thread-concurrency=#,wal_block_size,0.8073688
innodb-online-alter-log-max-size=#,max_files_per_process,0.80735964
innodb-io-capacity=#,recovery_target_xid,0.80735815
innodb-log-buffer-size=#,seq_page_cost,0.8073334
innodb-read-io-threads=#,shared_memory_type,0.8072529
table-open-cache=#,max_parallel_workers_per_gather,0.8072431
innodb-read-io-threads=#,jit_optimize_above_cost,0.8072317
myisam-sort-buffer-size=#,wal_block_size,0.80715996
innodb-log-buffer-size=#,max_pred_locks_per_transaction,0.80714893
replica-max-allowed-packet=#,max_replication_slots,0.8071319
table-open-cache-instances=#,default_transaction_isolation,0.8070761
bulk-insert-buffer-size=#,shared_buffers,0.8070744
innodb-buffer-pool-size=#,client_encoding,0.8070686
max-allowed-packet=#,log_executor_stats,0.8070337
binlog-cache-size=#,data_directory_mode,0.8070246
innodb-read-io-threads=#,debug_discard_caches,0.8070196
read-buffer-size=#,data_checksums,0.80701923
table-open-cache-instances=#,data_directory_mode,0.8070171
innodb-old-blocks-time=#,recovery_init_sync_method,0.80700773
innodb-log-buffer-size=#,application_name,0.80699337
innodb-file-per-table,quote_all_identifiers,0.8069899
innodb-io-capacity=#,autovacuum_max_workers,0.8069888
join-buffer-size=#,max_identifier_length,0.80696297
innodb-thread-concurrency=#,ssl_crl_dir,0.806942
innodb-log-buffer-size=#,wal_receiver_status_interval,0.8069403
max-binlog-cache-size=#,geqo_generations,0.80689245
innodb-sort-buffer-size=#,max_slot_wal_keep_size,0.8068843
innodb-sort-buffer-size=#,max_slot_wal_keep_size,0.8068843
join-buffer-size=#,restore_command,0.8068809
innodb-read-io-threads=#,checkpoint_completion_target,0.8068681
innodb-io-capacity=#,transaction_read_only,0.80686283
innodb-file-per-table,session_replication_role,0.80684453
innodb-file-per-table,syslog_ident,0.80681825
tmp-table-size=#,recovery_target_lsn,0.80681336
innodb-io-capacity=#,wal_receiver_create_temp_slot,0.8067834
innodb-thread-concurrency=#,geqo_effort,0.8067543
innodb-adaptive-hash-index,default_table_access_method,0.8067405
table-open-cache=#,logical_decoding_work_mem,0.8067044
innodb-purge-threads[=#],max_files_per_process,0.8066484
join-buffer-size=#,max_standby_archive_delay,0.80663365
replica-max-allowed-packet=#,superuser_reserved_connections,0.8066114
innodb-old-blocks-time=#,data_sync_retry,0.8065945
key-buffer-size=#,syslog_facility,0.80657244
read-buffer-size=#,synchronous_commit,0.8065709
key-buffer-size=#,log_timezone,0.80656254
max-binlog-cache-size=#,recovery_init_sync_method,0.8065289
table-open-cache=#,event_source,0.8065025
innodb-log-buffer-size=#,log_transaction_sample_rate,0.8064885
innodb-io-capacity=#,full_page_writes,0.80647266
slave-max-allowed-packet=#,default_table_access_method,0.8064519
mysqlx-max-connections[=#],bgwriter_lru_multiplier,0.8064489
innodb-adaptive-hash-index-parts[=#],lo_compat_privileges,0.8064425
bulk-insert-buffer-size=#,hash_mem_multiplier,0.8064346
binlog-cache-size=#,max_pred_locks_per_transaction,0.8063977
innodb-io-capacity=#,tcp_user_timeout,0.8063877
innodb-read-io-threads=#,max_standby_streaming_delay,0.8063334
table-open-cache-instances=#,log_statement,0.80632985
read-buffer-size=#,autovacuum_analyze_threshold,0.8063224
key-buffer-size=#,max_standby_streaming_delay,0.80632097
innodb-log-file-size=#,log_hostname,0.8063082
binlog-cache-size=#,enable_sort,0.8062663
innodb-log-buffer-size=#,synchronous_commit,0.80626404
innodb-write-io-threads=#,wal_keep_size,0.8061708
table-open-cache=#,shared_memory_type,0.80614483
read-rnd-buffer-size=#,work_mem,0.8061164
table-open-cache-instances=#,max_replication_slots,0.80610824
mysqlx-max-connections[=#],max_parallel_maintenance_workers,0.80610263
innodb-adaptive-hash-index-parts[=#],shared_memory_type,0.80603904
replica-max-allowed-packet=#,autovacuum_work_mem,0.80602753
innodb-log-buffer-size=#,jit_dump_bitcode,0.80602497
max-allowed-packet=#,max_files_per_process,0.8059912
myisam-sort-buffer-size=#,max_standby_streaming_delay,0.8059797
tmp-table-size=#,allow_in_place_tablespaces,0.80594736
innodb-io-capacity=#,hash_mem_multiplier,0.80593985
key-buffer-size=#,idle_session_timeout,0.8059288
innodb-io-capacity=#,transaction_isolation,0.80588746
binlog-cache-size=#,recovery_target_xid,0.805874
mysqlx-max-connections[=#],max_logical_replication_workers,0.8058448
innodb-write-io-threads=#,port,0.8058443
read-rnd-buffer-size=#,idle_in_transaction_session_timeout,0.80580163
key-buffer-size=#,wal_consistency_checking,0.8058013
join-buffer-size=#,max_parallel_maintenance_workers,0.80578834
max-allowed-packet=#,recovery_target_lsn,0.8057344
replica-max-allowed-packet=#,max_parallel_workers,0.805719
table-open-cache=#,log_autovacuum_min_duration,0.80571544
innodb-log-buffer-size=#,bytea_output,0.805694
innodb-write-io-threads=#,jit_profiling_support,0.8056861
innodb-write-io-threads=#,track_commit_timestamp,0.8056823
table-open-cache-instances=#,max_logical_replication_workers,0.80566883
innodb-adaptive-hash-index-parts[=#],debug_assertions,0.80562997
innodb-purge-threads[=#],temp_file_limit,0.80561996
join-buffer-size=#,log_parser_stats,0.80561715
innodb-thread-concurrency=#,hot_standby,0.8056005
read-rnd-buffer-size=#,wal_init_zero,0.8055861
innodb-read-io-threads=#,lo_compat_privileges,0.8055674
bulk-insert-buffer-size=#,autovacuum_analyze_scale_factor,0.8055439
max-binlog-cache-size=#,event_source,0.8055402
join-buffer-size=#,wal_consistency_checking,0.80552137
innodb-buffer-pool-size=#,enable_partition_pruning,0.8055115
bulk-insert-buffer-size=#,wal_sync_method,0.80547667
table-open-cache=#,max_function_args,0.80547464
mysqlx-max-connections[=#],idle_in_transaction_session_timeout,0.80546665
join-buffer-size=#,log_hostname,0.80545735
innodb-thread-concurrency=#,data_checksums,0.80543745
innodb-write-io-threads=#,shared_memory_type,0.80543685
innodb-file-per-table,unix_socket_permissions,0.8054336
sort-buffer-size=#,debug_print_parse,0.805416
max-allowed-packet=#,autovacuum_vacuum_threshold,0.80540615
innodb-old-blocks-time=#,max_slot_wal_keep_size,0.8053938
join-buffer-size=#,recovery_init_sync_method,0.8053837
table-open-cache=#,log_transaction_sample_rate,0.8053825
innodb-file-per-table,log_min_duration_sample,0.80537295
innodb-file-per-table,from_collapse_limit,0.8053713
innodb-old-blocks-time=#,wal_receiver_timeout,0.8053686
max-binlog-cache-size=#,min_parallel_table_scan_size,0.8053471
innodb-log-file-size=#,log_executor_stats,0.805339
innodb-io-capacity=#,wal_log_hints,0.80532753
innodb-io-capacity=#,autovacuum_multixact_freeze_max_age,0.8053055
slave-max-allowed-packet=#,wal_skip_threshold,0.80530113
innodb-io-capacity=#,idle_session_timeout,0.80528295
max-allowed-packet=#,log_parser_stats,0.8052626
max-binlog-cache-size=#,default_tablespace,0.80524325
innodb-adaptive-hash-index-parts[=#],syslog_facility,0.8052192
innodb-read-io-threads=#,syslog_sequence_numbers,0.805213
innodb-online-alter-log-max-size=#,max_slot_wal_keep_size,0.80520284
innodb-max-dirty-pages-pct=#,remove_temp_files_after_crash,0.8051834
innodb-thread-concurrency=#,port,0.8051795
innodb-io-capacity=#,recovery_init_sync_method,0.8051443
mysqlx-max-connections[=#],log_statement_sample_rate,0.8051375
table-open-cache=#,hash_mem_multiplier,0.80512893
innodb-log-buffer-size=#,cursor_tuple_fraction,0.8050938
bulk-insert-buffer-size=#,jit_profiling_support,0.8050905
innodb-online-alter-log-max-size=#,ignore_system_indexes,0.8050328
bulk-insert-buffer-size=#,lo_compat_privileges,0.8049866
join-buffer-size=#,max_standby_streaming_delay,0.8049743
read-rnd-buffer-size=#,debug_print_rewritten,0.80495
join-buffer-size=#,recovery_target_xid,0.8048617
tmp-table-size=#,commit_delay,0.8048562
innodb-old-blocks-time=#,vacuum_cost_page_hit,0.8048468
innodb-adaptive-hash-index-parts[=#],logging_collector,0.8047576
innodb-file-per-table,log_truncate_on_rotation,0.8047418
replica-max-allowed-packet=#,commit_delay,0.8047379
read-rnd-buffer-size=#,primary_slot_name,0.8047371
max-binlog-cache-size=#,debug_print_rewritten,0.8047306
myisam-sort-buffer-size=#,recovery_target_lsn,0.8046902
binlog-cache-size=#,max_wal_senders,0.8046311
sort-buffer-size=#,log_autovacuum_min_duration,0.8046307
read-buffer-size=#,recovery_init_sync_method,0.8045534
innodb-buffer-pool-size=#,syslog_ident,0.8045348
innodb-write-io-threads=#,track_io_timing,0.80453455
innodb-flush-neighbors[=#],archive_timeout,0.804513
innodb-write-io-threads=#,debug_assertions,0.8044636
innodb-adaptive-hash-index-parts[=#],ignore_system_indexes,0.8044457
binlog-cache-size=#,max_slot_wal_keep_size,0.8044261
innodb-log-buffer-size=#,ssl_ca_file,0.80442595
innodb-purge-threads[=#],archive_timeout,0.80442214
innodb-purge-threads[=#],min_dynamic_shared_memory,0.8043915
innodb-buffer-pool-size=#,track_functions,0.80436647
tmp-table-size=#,unix_socket_group,0.8043582
tmp-table-size=#,enable_partition_pruning,0.80432016
mysqlx-max-allowed-packet[=#],huge_page_size,0.8043014
myisam-sort-buffer-size=#,syslog_split_messages,0.80429244
innodb-write-io-threads=#,logging_collector,0.8042562
innodb-io-capacity=#,commit_delay,0.80425334
join-buffer-size=#,autovacuum_vacuum_threshold,0.804242
binlog-cache-size=#,cluster_name,0.8042288
innodb-log-file-size=#,maintenance_io_concurrency,0.8042256
sort-buffer-size=#,log_truncate_on_rotation,0.80422103
innodb-io-capacity=#,vacuum_cost_page_hit,0.8041949
innodb-flush-neighbors[=#],idle_in_transaction_session_timeout,0.8041862
innodb-read-io-threads=#,logging_collector,0.8041824
table-open-cache=#,default_transaction_read_only,0.8041631
table-open-cache=#,backend_flush_after,0.8041594
table-open-cache=#,bgwriter_flush_after,0.8041594
table-open-cache=#,checkpoint_flush_after,0.8041594
innodb-buffer-pool-size=#,max_parallel_maintenance_workers,0.8041408
innodb-io-capacity-max=#,wal_sender_timeout,0.8041367
tmp-table-size=#,primary_slot_name,0.8041136
innodb-file-per-table,log_autovacuum_min_duration,0.8041109
myisam-sort-buffer-size=#,logging_collector,0.8040941
binlog-cache-size=#,transaction_deferrable,0.80409193
innodb-old-blocks-time=#,restore_command,0.80407727
read-buffer-size=#,transaction_isolation,0.80406296
binlog-cache-size=#,commit_delay,0.8040542
max-connections=#,superuser_reserved_connections,0.80403876
table-open-cache-instances=#,segment_size,0.8040347
innodb-log-file-size=#,syslog_sequence_numbers,0.804031
max-allowed-packet=#,temp_buffers,0.80397
myisam-sort-buffer-size=#,search_path,0.80395865
join-buffer-size=#,vacuum_cost_page_hit,0.8039466
replica-max-allowed-packet=#,max_pred_locks_per_transaction,0.803921
replica-max-allowed-packet=#,log_min_duration_sample,0.80391717
innodb-file-per-table,temp_buffers,0.8038399
join-buffer-size=#,log_line_prefix,0.80380344
binlog-cache-size=#,debug_assertions,0.80379987
innodb-write-io-threads=#,default_transaction_read_only,0.8037856
max-binlog-cache-size=#,temp_tablespaces,0.8037844
binlog-cache-size=#,jit_debugging_support,0.8037772
innodb-adaptive-hash-index-parts[=#],log_temp_files,0.8037752
key-buffer-size=#,primary_slot_name,0.8037166
innodb-write-io-threads=#,tcp_user_timeout,0.8037088
innodb-log-buffer-size=#,log_statement,0.80367804
sort-buffer-size=#,log_min_duration_sample,0.8036665
table-open-cache=#,log_min_duration_statement,0.8036494
key-cache-age-threshold=#,recovery_target_lsn,0.8036368
table-open-cache=#,dynamic_shared_memory_type,0.80357194
innodb-write-io-threads=#,autovacuum_work_mem,0.80355847
innodb-purge-threads[=#],autovacuum_work_mem,0.80355585
table-open-cache=#,segment_size,0.80353963
innodb-log-buffer-size=#,syslog_sequence_numbers,0.80352235
key-buffer-size=#,segment_size,0.8035157
innodb-write-io-threads=#,log_autovacuum_min_duration,0.80350244
join-buffer-size=#,jit_above_cost,0.80348605
bulk-insert-buffer-size=#,commit_delay,0.8034317
innodb-file-per-table,primary_slot_name,0.8034313
innodb-write-io-threads=#,wal_buffers,0.80342686
innodb-read-io-threads=#,temp_buffers,0.8033552
sort-buffer-size=#,primary_slot_name,0.80334365
innodb-buffer-pool-size=#,cursor_tuple_fraction,0.8033426
innodb-log-file-size=#,event_source,0.8033371
innodb-thread-concurrency=#,synchronous_commit,0.8033032
read-buffer-size=#,autovacuum_max_workers,0.80330276
innodb-old-blocks-time=#,archive_command,0.8032769
bulk-insert-buffer-size=#,max_function_args,0.80321205
key-cache-age-threshold=#,parallel_tuple_cost,0.80318046
innodb-io-capacity=#,default_text_search_config,0.80313766
mysqlx-max-connections[=#],temp_file_limit,0.8031159
innodb-adaptive-hash-index,hot_standby_feedback,0.8031024
binlog-cache-size=#,log_duration,0.8030746
innodb-buffer-pool-size=#,segment_size,0.803051
sort-buffer-size=#,superuser_reserved_connections,0.80305076
innodb-log-file-size=#,wal_compression,0.8030311
table-open-cache=#,idle_in_transaction_session_timeout,0.80302346
binlog-cache-size=#,client_connection_check_interval,0.80298805
read-buffer-size=#,syslog_split_messages,0.8029844
myisam-sort-buffer-size=#,wal_consistency_checking,0.8029709
mysqlx-max-allowed-packet[=#],wal_receiver_status_interval,0.8029628
innodb-purge-threads[=#],wal_skip_threshold,0.80294204
innodb-buffer-pool-size=#,log_autovacuum_min_duration,0.8029403
innodb-adaptive-hash-index-parts[=#],ssl_key_file,0.8029225
innodb-old-blocks-time=#,recovery_target_name,0.80291116
binlog-cache-size=#,enable_gathermerge,0.8029068
innodb-io-capacity=#,ignore_system_indexes,0.8028767
tmp-table-size=#,log_truncate_on_rotation,0.8028513
key-buffer-size=#,debug_print_rewritten,0.8028485
bulk-insert-buffer-size=#,log_parser_stats,0.8028127
innodb-log-file-size=#,log_truncate_on_rotation,0.80279416
innodb-io-capacity=#,vacuum_cost_page_miss,0.8027878
innodb-adaptive-hash-index-parts[=#],autovacuum_max_workers,0.802773
replica-max-allowed-packet=#,ssl_ca_file,0.8027725
max-binlog-cache-size=#,default_transaction_deferrable,0.80275714
join-buffer-size=#,listen_addresses,0.80275047
innodb-adaptive-hash-index-parts[=#],vacuum_cost_page_miss,0.8027432
innodb-sort-buffer-size=#,min_parallel_table_scan_size,0.8027164
innodb-sort-buffer-size=#,min_parallel_table_scan_size,0.8027164
sort-buffer-size=#,idle_session_timeout,0.80267096
innodb-buffer-pool-size=#,server_encoding,0.80263066
key-buffer-size=#,autovacuum_analyze_threshold,0.80258775
mysqlx-max-allowed-packet[=#],log_statement,0.8025806
max-allowed-packet=#,idle_session_timeout,0.8024965
max-connections=#,max_replication_slots,0.8024721
innodb-adaptive-hash-index-parts[=#],enable_parallel_hash,0.8024651
innodb-old-blocks-time=#,transaction_read_only,0.8024608
read-buffer-size=#,wal_sync_method,0.8024453
innodb-log-file-size=#,default_transaction_read_only,0.8024396
thread-cache-size=#,max_slot_wal_keep_size,0.8024268
innodb-buffer-pool-size=#,extra_float_digits,0.8024229
innodb-io-capacity=#,log_parameter_max_length_on_error,0.8023521
join-buffer-size=#,autovacuum_analyze_threshold,0.802331
innodb-io-capacity=#,event_source,0.80226296
read-rnd-buffer-size=#,idle_session_timeout,0.80225396
slave-max-allowed-packet=#,autovacuum_multixact_freeze_max_age,0.802246
innodb-adaptive-hash-index-parts[=#],debug_print_rewritten,0.8022301
myisam-sort-buffer-size=#,jit_inline_above_cost,0.80221975
innodb-thread-concurrency=#,syslog_ident,0.802217
key-cache-age-threshold=#,max_standby_archive_delay,0.8021604
slave-max-allowed-packet=#,server_version_num,0.8020719
innodb-flush-neighbors[=#],log_min_duration_sample,0.8020642
innodb-read-io-threads=#,temp_file_limit,0.8020511
innodb-log-file-size=#,work_mem,0.80202824
innodb-file-per-table,data_checksums,0.8020125
innodb-thread-concurrency=#,trace_notify,0.80197513
mysqlx-max-allowed-packet[=#],max_files_per_process,0.8019557
table-open-cache=#,allow_in_place_tablespaces,0.80193454
read-rnd-buffer-size=#,jit_above_cost,0.801931
innodb-thread-concurrency=#,checkpoint_completion_target,0.80191106
join-buffer-size=#,autovacuum_analyze_scale_factor,0.801875
innodb-io-capacity=#,dynamic_shared_memory_type,0.80187297
innodb-flush-neighbors[=#],max_pred_locks_per_transaction,0.80186856
innodb-adaptive-hash-index,commit_siblings,0.801864
innodb-adaptive-hash-index,enable_partition_pruning,0.8018565
binlog-cache-size=#,max_parallel_workers,0.80182004
mysqlx-max-connections[=#],max_worker_processes,0.80180943
mysqlx-max-allowed-packet[=#],log_min_duration_statement,0.8017899
binlog-cache-size=#,archive_cleanup_command,0.8017839
myisam-sort-buffer-size=#,primary_slot_name,0.8017658
tmp-table-size=#,maintenance_work_mem,0.8017635
binlog-cache-size=#,dynamic_shared_memory_type,0.8017576
innodb-io-capacity=#,idle_in_transaction_session_timeout,0.80175734
bulk-insert-buffer-size=#,recovery_init_sync_method,0.8017562
innodb-log-buffer-size=#,update_process_title,0.8017241
innodb-adaptive-hash-index-parts[=#],vacuum_cost_page_hit,0.80172
innodb-adaptive-hash-index,wal_skip_threshold,0.80171204
binlog-cache-size=#,enable_nestloop,0.8016726
sort-buffer-size=#,log_parameter_max_length,0.80166924
innodb-buffer-pool-size=#,wal_block_size,0.8016658
replica-max-allowed-packet=#,wal_buffers,0.80165946
read-rnd-buffer-size=#,autovacuum_vacuum_threshold,0.8016505
innodb-write-io-threads=#,temp_buffers,0.8016402
thread-cache-size=#,autovacuum_work_mem,0.8016305
innodb-flush-neighbors[=#],log_parameter_max_length,0.80162305
read-buffer-size=#,geqo_effort,0.801602
myisam-sort-buffer-size=#,vacuum_cost_page_hit,0.80152917
innodb-max-dirty-pages-pct=#,wal_init_zero,0.80152094
table-open-cache=#,autovacuum_analyze_scale_factor,0.80151266
key-buffer-size=#,server_version_num,0.8014728
key-buffer-size=#,xmlbinary,0.80146885
innodb-old-blocks-time=#,wal_sync_method,0.80145633
innodb-flush-neighbors[=#],shared_buffers,0.80145586
sort-buffer-size=#,autovacuum_vacuum_threshold,0.80145526
max-binlog-cache-size=#,enable_partition_pruning,0.8014475
bulk-insert-buffer-size=#,server_version_num,0.8014387
innodb-read-io-threads=#,tcp_user_timeout,0.80142915
innodb-io-capacity=#,data_sync_retry,0.80141383
innodb-purge-threads[=#],vacuum_cost_page_miss,0.8014079
max-allowed-packet=#,promote_trigger_file,0.8014041
innodb-adaptive-hash-index-parts[=#],hot_standby_feedback,0.8014036
mysqlx-max-connections[=#],max_identifier_length,0.80139995
max-allowed-packet=#,hot_standby_feedback,0.801388
key-buffer-size=#,archive_cleanup_command,0.801378
replica-max-allowed-packet=#,transaction_deferrable,0.80137193
innodb-buffer-pool-size=#,max_parallel_workers_per_gather,0.80134594
innodb-write-io-threads=#,max_standby_streaming_delay,0.80133563
mysqlx-max-connections[=#],jit_above_cost,0.8013175
innodb-log-buffer-size=#,random_page_cost,0.80131555
innodb-io-capacity=#,log_min_duration_statement,0.80129814
innodb-file-per-table,max_files_per_process,0.80127233
innodb-log-file-size=#,archive_cleanup_command,0.80123425
table-open-cache=#,max_connections,0.80122226
table-open-cache-instances=#,dynamic_shared_memory_type,0.80122066
innodb-file-per-table,wal_keep_size,0.8012204
innodb-read-io-threads=#,max_standby_archive_delay,0.80117995
innodb-thread-concurrency=#,ssl_crl_file,0.8011428
innodb-io-capacity=#,work_mem,0.80113983
binlog-cache-size=#,log_hostname,0.8011373
innodb-log-buffer-size=#,default_table_access_method,0.80108184
tmp-table-size=#,jit_optimize_above_cost,0.8010772
tmp-table-size=#,debug_print_rewritten,0.80104256
read-buffer-size=#,wal_keep_size,0.8010167
tmp-table-size=#,wal_skip_threshold,0.8009663
read-buffer-size=#,seq_page_cost,0.8009624
max-allowed-packet=#,idle_in_transaction_session_timeout,0.8009386
key-cache-age-threshold=#,wal_receiver_create_temp_slot,0.80086166
slave-max-allowed-packet=#,promote_trigger_file,0.8008541
sort-buffer-size=#,jit_dump_bitcode,0.80085146
innodb-read-io-threads=#,vacuum_cost_page_hit,0.80081534
innodb-io-capacity=#,wal_buffers,0.8007895
innodb-log-file-size=#,log_parameter_max_length_on_error,0.80078125
binlog-cache-size=#,default_transaction_deferrable,0.8007417
bulk-insert-buffer-size=#,idle_in_transaction_session_timeout,0.8007389
table-open-cache-instances=#,log_min_duration_sample,0.8007107
innodb-file-per-table,log_destination,0.8006711
key-buffer-size=#,xmloption,0.80065453
innodb-adaptive-hash-index-parts[=#],max_replication_slots,0.8006284
innodb-adaptive-hash-index-parts[=#],update_process_title,0.80061567
innodb-thread-concurrency=#,jit_debugging_support,0.80054307
myisam-sort-buffer-size=#,debug_print_rewritten,0.8004912
innodb-adaptive-hash-index-parts[=#],default_transaction_deferrable,0.80048627
innodb-log-file-size=#,log_parameter_max_length,0.80046856
innodb-log-file-size=#,default_text_search_config,0.80043554
innodb-log-buffer-size=#,wal_consistency_checking,0.8004138
innodb-write-io-threads=#,jit_dump_bitcode,0.8003955
myisam-sort-buffer-size=#,join_collapse_limit,0.80034804
innodb-old-blocks-time=#,synchronous_commit,0.8003316
innodb-thread-concurrency=#,max_parallel_workers_per_gather,0.8003146
read-rnd-buffer-size=#,jit_inline_above_cost,0.8002881
read-buffer-size=#,promote_trigger_file,0.8002303
max-binlog-cache-size=#,data_directory_mode,0.8002037
innodb-old-blocks-time=#,log_min_duration_statement,0.8002008
innodb-old-blocks-time=#,transaction_isolation,0.80018747
read-rnd-buffer-size=#,archive_timeout,0.800179
innodb-io-capacity=#,jit_above_cost,0.8001021
innodb-sort-buffer-size=#,min_parallel_index_scan_size,0.80008614
innodb-sort-buffer-size=#,min_parallel_index_scan_size,0.80008614
innodb-buffer-pool-size=#,seq_page_cost,0.80008256
innodb-thread-concurrency=#,debug_print_rewritten,0.8000667
binlog-cache-size=#,effective_cache_size,0.80006653
table-open-cache=#,enable_partition_pruning,0.8000289
innodb-adaptive-hash-index-parts[=#],log_truncate_on_rotation,0.8000201
innodb-file-per-table,log_parameter_max_length_on_error,0.8000164
